accession	ko_id	map_id
GCA_005773165.1	K02453	map03070
GCA_005773165.1	K02453	map05111
GCA_005773165.1	K03732	map03018
GCA_005773165.1	K13924	map02030
GCA_005773165.1	K13924	map02020
GCA_005773165.1	K15371	map00430
GCA_005773165.1	K15371	map00220
GCA_005773165.1	K15371	map00910
GCA_005773165.1	K15371	map00250
GCA_005773165.1	K01191	map00511
GCA_005773165.1	K01879	map00970
GCA_005773165.1	K00184	map00920
GCA_005773165.1	K05366	map00550
GCA_005773165.1	K05366	map01501
GCA_005773165.1	K05349	map00946
GCA_005773165.1	K05349	map00460
GCA_005773165.1	K05349	map00999
GCA_005773165.1	K05349	map00500
GCA_005773165.1	K05349	map00946
GCA_005773165.1	K05349	map00460
GCA_005773165.1	K05349	map00999
GCA_005773165.1	K05349	map00500
GCA_005773165.1	K01890	map00970
GCA_005773165.1	K03723	map03420
GCA_005773165.1	K01870	map00970
GCA_005773165.1	K00163	map00020
GCA_005773165.1	K00163	map00010
GCA_005773165.1	K00163	map00620
GCA_005773165.1	K00163	map01200
GCA_005773165.1	K00702	map00500
GCA_005773165.1	K13525	map05134
GCA_005773165.1	K13525	map04141
GCA_005773165.1	K13525	map05014
GCA_005773165.1	K13525	map05022
GCA_005773165.1	K01406	map01503
GCA_005773165.1	K05349	map00946
GCA_005773165.1	K05349	map00460
GCA_005773165.1	K05349	map00999
GCA_005773165.1	K05349	map00500
GCA_005773165.1	K03407	map02030
GCA_005773165.1	K03407	map02020
GCA_005773165.1	K01971	map03450
GCA_005773165.1	K11177	map01232
GCA_005773165.1	K11177	map00230
GCA_005773165.1	K08484	map02060
GCA_005773165.1	K01278	map04974
GCA_005773165.1	K13598	map02020
GCA_005773165.1	K12373	map00604
GCA_005773165.1	K12373	map00531
GCA_005773165.1	K12373	map00603
GCA_005773165.1	K12373	map00511
GCA_005773165.1	K12373	map00600
GCA_005773165.1	K12373	map00513
GCA_005773165.1	K12373	map04142
GCA_005773165.1	K12373	map00520
GCA_005773165.1	K20975	map02025
GCA_005773165.1	K20975	map02020
GCA_005773165.1	K01595	map00710
GCA_005773165.1	K01595	map00720
GCA_005773165.1	K01595	map00620
GCA_005773165.1	K01595	map00680
GCA_005773165.1	K01595	map01200
GCA_005773165.1	K01854	map00052
GCA_005773165.1	K01854	map00541
GCA_005773165.1	K01854	map00520
GCA_005773165.1	K01854	map01250
GCA_005773165.1	K02453	map03070
GCA_005773165.1	K02453	map05111
GCA_005773165.1	K00937	map03018
GCA_005773165.1	K00937	map00190
GCA_005773165.1	K12308	map00052
GCA_005773165.1	K05366	map00550
GCA_005773165.1	K05366	map01501
GCA_005773165.1	K05367	map00550
GCA_005773165.1	K12308	map00052
GCA_005773165.1	K05515	map00550
GCA_005773165.1	K05515	map01501
GCA_005773165.1	K01322	map04614
GCA_005773165.1	K11904	map03070
GCA_005773165.1	K03655	map03440
GCA_005773165.1	K01187	map00052
GCA_005773165.1	K01187	map00500
GCA_005773165.1	K03723	map03420
GCA_005773165.1	K03555	map03430
GCA_005773165.1	K00108	map00260
GCA_005773165.1	K15371	map00430
GCA_005773165.1	K15371	map00220
GCA_005773165.1	K15371	map00910
GCA_005773165.1	K15371	map00250
GCA_005773165.1	K01652	map00290
GCA_005773165.1	K01652	map00660
GCA_005773165.1	K01652	map00770
GCA_005773165.1	K01652	map01210
GCA_005773165.1	K01652	map00650
GCA_005773165.1	K01652	map01230
GCA_005773165.1	K01283	map04614
GCA_005773165.1	K01283	map04924
GCA_005773165.1	K01283	map05410
GCA_005773165.1	K01283	map05142
GCA_005773165.1	K01283	map05415
GCA_005773165.1	K01283	map05171
GCA_005773165.1	K01897	map04216
GCA_005773165.1	K01897	map00061
GCA_005773165.1	K01897	map04920
GCA_005773165.1	K01897	map00071
GCA_005773165.1	K01897	map03320
GCA_005773165.1	K01897	map04146
GCA_005773165.1	K01897	map01212
GCA_005773165.1	K01897	map04714
GCA_005773165.1	K01897	map02024
GCA_005773165.1	K02804	map02060
GCA_005773165.1	K02804	map00520
GCA_005773165.1	K02438	map00500
GCA_005773165.1	K00029	map00710
GCA_005773165.1	K00029	map03320
GCA_005773165.1	K00029	map00620
GCA_005773165.1	K00029	map01200
GCA_005773165.1	K00681	map00430
GCA_005773165.1	K00681	map00460
GCA_005773165.1	K00681	map00480
GCA_005773165.1	K03587	map00550
GCA_005773165.1	K03587	map01501
GCA_005773165.1	K01354	map05143
GCA_005773165.1	K01354	map05142
GCA_005773165.1	K12340	map01503
GCA_005773165.1	K12340	map03070
GCA_005773165.1	K12340	map05133
GCA_005773165.1	K12340	map04626
GCA_005773165.1	K12340	map01501
GCA_005773165.1	K12340	map02020
GCA_005773165.1	K01198	map00520
GCA_005773165.1	K01209	map00520
GCA_005773165.1	K07407	map00603
GCA_005773165.1	K07407	map00600
GCA_005773165.1	K07407	map00052
GCA_005773165.1	K07407	map00561
GCA_005773165.1	K01897	map04216
GCA_005773165.1	K01897	map00061
GCA_005773165.1	K01897	map04920
GCA_005773165.1	K01897	map00071
GCA_005773165.1	K01897	map03320
GCA_005773165.1	K01897	map04146
GCA_005773165.1	K01897	map01212
GCA_005773165.1	K01897	map04714
GCA_005773165.1	K01897	map02024
GCA_005773165.1	K19813	map00030
GCA_005773165.1	K05592	map03018
GCA_005773165.1	K02409	map02040
GCA_005773165.1	K03070	map03060
GCA_005773165.1	K03070	map03070
GCA_005773165.1	K03070	map02024
GCA_005773165.1	K01077	map00730
GCA_005773165.1	K01077	map00790
GCA_005773165.1	K01077	map01240
GCA_005773165.1	K01077	map02020
GCA_005773165.1	K01256	map00480
GCA_005773165.1	K03821	map00650
GCA_005773165.1	K12574	map03018
GCA_005773165.1	K01198	map00520
GCA_005773165.1	K01209	map00520
GCA_005773165.1	K02400	map02040
GCA_005773165.1	K00990	map02020
GCA_005773165.1	K01835	map00521
GCA_005773165.1	K01835	map00052
GCA_005773165.1	K01835	map00030
GCA_005773165.1	K01835	map00010
GCA_005773165.1	K01835	map00500
GCA_005773165.1	K01835	map00520
GCA_005773165.1	K01835	map01250
GCA_005773165.1	K01835	map00230
GCA_005773165.1	K11913	map03070
GCA_005773165.1	K11913	map02025
GCA_005773165.1	K14980	map02020
GCA_005773165.1	K03072	map03060
GCA_005773165.1	K03072	map03070
GCA_005773165.1	K00372	map00910
GCA_005773165.1	K02406	map02040
GCA_005773165.1	K02406	map05134
GCA_005773165.1	K02406	map04626
GCA_005773165.1	K02406	map04621
GCA_005773165.1	K02406	map05131
GCA_005773165.1	K02406	map05132
GCA_005773165.1	K02406	map02020
GCA_005773165.1	K01187	map00052
GCA_005773165.1	K01187	map00500
GCA_005773165.1	K10747	map03410
GCA_005773165.1	K10747	map03430
GCA_005773165.1	K10747	map03420
GCA_005773165.1	K10747	map03030
GCA_005773165.1	K13877	map00470
GCA_005773165.1	K13877	map00053
GCA_005773165.1	K13877	map00040
GCA_005773165.1	K00336	map00190
GCA_005773165.1	K00283	map00630
GCA_005773165.1	K00283	map00260
GCA_005773165.1	K00283	map01200
GCA_005773165.1	K01209	map00520
GCA_005773165.1	K05712	map00360
GCA_005773165.1	K05712	map01220
GCA_005773165.1	K01881	map00970
GCA_005773165.1	K00108	map00260
GCA_005773165.1	K14266	map00404
GCA_005773165.1	K14266	map00404
GCA_005773165.1	K02407	map02040
GCA_005773165.1	K00864	map03320
GCA_005773165.1	K00864	map04626
GCA_005773165.1	K00864	map00561
GCA_005773165.1	K14266	map00404
GCA_005773165.1	K14266	map00404
GCA_005773165.1	K12340	map01503
GCA_005773165.1	K12340	map03070
GCA_005773165.1	K12340	map05133
GCA_005773165.1	K12340	map04626
GCA_005773165.1	K12340	map01501
GCA_005773165.1	K12340	map02020
GCA_005773165.1	K01657	map00405
GCA_005773165.1	K01657	map00400
GCA_005773165.1	K01657	map02025
GCA_005773165.1	K01657	map01230
GCA_005773165.1	K01657	map02024
GCA_005773165.1	K01810	map00030
GCA_005773165.1	K01810	map00010
GCA_005773165.1	K01810	map00500
GCA_005773165.1	K01810	map00520
GCA_005773165.1	K01810	map01250
GCA_005773165.1	K01810	map01200
GCA_005773165.1	K02035	map02024
GCA_005773165.1	K15580	map01501
GCA_005773165.1	K15580	map02024
GCA_005773165.1	K10027	map00906
GCA_005773165.1	K01524	map00230
GCA_005773165.1	K01685	map00040
GCA_005773165.1	K12340	map01503
GCA_005773165.1	K12340	map03070
GCA_005773165.1	K12340	map05133
GCA_005773165.1	K12340	map04626
GCA_005773165.1	K12340	map01501
GCA_005773165.1	K12340	map02020
GCA_005773165.1	K00036	map05230
GCA_005773165.1	K00036	map00480
GCA_005773165.1	K00036	map00030
GCA_005773165.1	K00036	map05415
GCA_005773165.1	K00036	map01200
GCA_005773165.1	K05350	map00946
GCA_005773165.1	K05350	map00460
GCA_005773165.1	K05350	map00999
GCA_005773165.1	K05350	map00500
GCA_005773165.1	K03092	map02040
GCA_005773165.1	K03092	map05111
GCA_005773165.1	K03092	map02020
GCA_005773165.1	K00703	map02026
GCA_005773165.1	K00703	map00500
GCA_005773165.1	K01812	map00040
GCA_005773165.1	K01965	map00280
GCA_005773165.1	K01965	map00640
GCA_005773165.1	K01965	map00630
GCA_005773165.1	K01965	map01200
GCA_005773165.1	K00040	map00040
GCA_005773165.1	K00045	map00051
GCA_005773165.1	K01883	map00970
GCA_005773165.1	K18139	map01501
GCA_005773165.1	K18139	map02024
GCA_005773165.1	K01928	map00300
GCA_005773165.1	K01928	map00550
GCA_005773165.1	K06447	map00330
GCA_005773165.1	K01733	map00750
GCA_005773165.1	K01733	map00260
GCA_005773165.1	K01733	map01230
GCA_005773165.1	K08300	map03018
GCA_005773165.1	K02337	map03430
GCA_005773165.1	K02337	map03030
GCA_005773165.1	K02337	map03440
GCA_005773165.1	K00441	map00680
GCA_005773165.1	K01840	map00541
GCA_005773165.1	K01840	map00051
GCA_005773165.1	K01840	map00520
GCA_005773165.1	K01840	map01250
GCA_005773165.1	K01929	map01502
GCA_005773165.1	K01929	map00300
GCA_005773165.1	K01929	map00550
GCA_005773165.1	K14266	map00404
GCA_005773165.1	K13599	map02020
GCA_005773165.1	K02313	map04112
GCA_005773165.1	K02313	map02020
GCA_005773165.1	K00282	map00630
GCA_005773165.1	K00282	map00260
GCA_005773165.1	K00282	map01200
GCA_005773165.1	K04042	map00541
GCA_005773165.1	K04042	map00520
GCA_005773165.1	K04042	map01250
GCA_005773165.1	K15408	map00190
GCA_005773165.1	K01924	map00550
GCA_005773165.1	K00036	map05230
GCA_005773165.1	K00036	map00480
GCA_005773165.1	K00036	map00030
GCA_005773165.1	K00036	map05415
GCA_005773165.1	K00036	map01200
GCA_005773165.1	K01756	map00250
GCA_005773165.1	K01756	map01232
GCA_005773165.1	K01756	map00230
GCA_005773165.1	K01756	map01240
GCA_005773165.1	K01857	map00362
GCA_005773165.1	K01857	map01220
GCA_005773165.1	K02396	map02040
GCA_005773165.1	K11893	map02025
GCA_005773165.1	K00800	map00400
GCA_005773165.1	K00800	map01230
GCA_005773165.1	K08218	map01501
GCA_005773165.1	K05350	map00946
GCA_005773165.1	K05350	map00460
GCA_005773165.1	K05350	map00999
GCA_005773165.1	K05350	map00500
GCA_005773165.1	K01925	map00550
GCA_005773165.1	K01925	map00470
GCA_005773165.1	K09699	map00280
GCA_005773165.1	K09699	map00640
GCA_005773165.1	K11754	map00790
GCA_005773165.1	K11754	map01240
GCA_005773165.1	K01885	map00970
GCA_005773165.1	K01885	map00860
GCA_005773165.1	K01885	map01240
GCA_005773165.1	K02412	map02040
GCA_005773165.1	K01761	map00450
GCA_005773165.1	K01761	map00270
GCA_005773165.1	K14645	map02024
GCA_005773165.1	K05349	map00946
GCA_005773165.1	K05349	map00460
GCA_005773165.1	K05349	map00999
GCA_005773165.1	K05349	map00500
GCA_005773165.1	K03572	map03430
GCA_005773165.1	K01887	map00970
GCA_005773165.1	K00548	map00450
GCA_005773165.1	K00548	map00670
GCA_005773165.1	K00548	map00270
GCA_005773165.1	K00548	map01230
GCA_005773165.1	K00013	map00340
GCA_005773165.1	K00013	map01230
GCA_005773165.1	K00003	map00300
GCA_005773165.1	K00003	map00260
GCA_005773165.1	K00003	map00270
GCA_005773165.1	K00003	map01230
GCA_005773165.1	K00166	map00280
GCA_005773165.1	K00166	map00640
GCA_005773165.1	K00790	map00550
GCA_005773165.1	K00790	map00520
GCA_005773165.1	K00790	map01250
GCA_005773165.1	K00278	map00250
GCA_005773165.1	K00278	map00760
GCA_005773165.1	K00278	map01240
GCA_005773165.1	K00639	map00260
GCA_005773165.1	K00652	map00780
GCA_005773165.1	K00652	map01240
GCA_005773165.1	K20034	map00920
GCA_005773165.1	K01638	map00630
GCA_005773165.1	K01638	map00620
GCA_005773165.1	K01638	map01200
GCA_005773165.1	K03590	map04112
GCA_005773165.1	K01873	map00970
GCA_005773165.1	K07407	map00603
GCA_005773165.1	K07407	map00600
GCA_005773165.1	K07407	map00052
GCA_005773165.1	K07407	map00561
GCA_005773165.1	K01484	map00330
GCA_005773165.1	K02575	map00910
GCA_005773165.1	K00728	map00515
GCA_005773165.1	K00728	map00514
GCA_005773165.1	K01465	map00240
GCA_005773165.1	K01465	map01240
GCA_005773165.1	K05349	map00946
GCA_005773165.1	K05349	map00460
GCA_005773165.1	K05349	map00999
GCA_005773165.1	K05349	map00500
GCA_005773165.1	K11717	map00450
GCA_005773165.1	K01892	map00970
GCA_005773165.1	K03185	map00130
GCA_005773165.1	K03185	map01240
GCA_005773165.1	K00529	map00071
GCA_005773165.1	K00529	map00360
GCA_005773165.1	K00529	map01220
GCA_005773165.1	K01586	map00300
GCA_005773165.1	K01586	map00470
GCA_005773165.1	K01586	map01230
GCA_005773165.1	K02455	map03070
GCA_005773165.1	K02455	map05111
GCA_005773165.1	K01581	map00480
GCA_005773165.1	K01581	map00330
GCA_005773165.1	K00441	map00680
GCA_005773165.1	K09883	map00860
GCA_005773165.1	K09883	map01240
GCA_005773165.1	K01760	map00450
GCA_005773165.1	K01760	map00270
GCA_005773165.1	K01760	map01230
GCA_005773165.1	K03585	map01503
GCA_005773165.1	K03585	map01501
GCA_005773165.1	K03588	map04112
GCA_005773165.1	K03585	map01503
GCA_005773165.1	K03585	map01501
GCA_005773165.1	K00383	map04918
GCA_005773165.1	K00383	map00480
GCA_005773165.1	K00383	map05415
GCA_005773165.1	K01739	map00450
GCA_005773165.1	K01739	map00920
GCA_005773165.1	K01739	map00270
GCA_005773165.1	K01739	map01230
GCA_005773165.1	K10764	map00920
GCA_005773165.1	K10764	map00270
GCA_005773165.1	K16710	map00543
GCA_005773165.1	K01968	map00280
GCA_005773165.1	K01684	map00052
GCA_005773165.1	K00821	map00300
GCA_005773165.1	K00821	map00220
GCA_005773165.1	K00821	map01210
GCA_005773165.1	K00821	map01230
GCA_005773165.1	K00410	map00190
GCA_005773165.1	K00410	map02020
GCA_005773165.1	K00412	map04260
GCA_005773165.1	K00412	map04932
GCA_005773165.1	K00412	map05415
GCA_005773165.1	K00412	map05208
GCA_005773165.1	K00412	map04714
GCA_005773165.1	K00412	map05012
GCA_005773165.1	K00412	map05020
GCA_005773165.1	K00412	map00190
GCA_005773165.1	K00412	map05016
GCA_005773165.1	K00412	map05014
GCA_005773165.1	K00412	map05010
GCA_005773165.1	K00412	map05022
GCA_005773165.1	K00412	map02020
GCA_005773165.1	K18138	map01503
GCA_005773165.1	K18138	map01501
GCA_005773165.1	K01448	map01503
GCA_005773165.1	K00970	map03018
GCA_005773165.1	K03750	map00790
GCA_005773165.1	K03750	map01240
GCA_005773165.1	K06443	map00906
GCA_005773165.1	K00820	map00250
GCA_005773165.1	K00820	map04931
GCA_005773165.1	K00820	map00520
GCA_005773165.1	K00820	map05415
GCA_005773165.1	K00820	map01250
GCA_005773165.1	K02275	map00190
GCA_005773165.1	K00099	map00900
GCA_005773165.1	K07258	map00550
GCA_005773165.1	K07007	map00121
GCA_005773165.1	K01129	map01232
GCA_005773165.1	K01129	map00230
GCA_005773165.1	K06131	map00564
GCA_005773165.1	K00605	map00670
GCA_005773165.1	K00605	map00630
GCA_005773165.1	K00605	map00260
GCA_005773165.1	K00605	map01200
GCA_005773165.1	K02563	map01502
GCA_005773165.1	K02563	map04112
GCA_005773165.1	K02563	map00550
GCA_005773165.1	K03217	map03060
GCA_005773165.1	K03217	map03070
GCA_005773165.1	K03217	map02024
GCA_005773165.1	K00764	map00250
GCA_005773165.1	K00764	map00230
GCA_005773165.1	K01785	map00052
GCA_005773165.1	K01785	map00010
GCA_005773165.1	K01690	map00030
GCA_005773165.1	K01690	map01200
GCA_005773165.1	K00990	map02020
GCA_005773165.1	K01443	map00520
GCA_005773165.1	K11749	map04112
GCA_005773165.1	K01950	map00760
GCA_005773165.1	K01950	map01240
GCA_005773165.1	K01241	map01232
GCA_005773165.1	K01241	map00230
GCA_005773165.1	K00796	map00790
GCA_005773165.1	K00796	map01240
GCA_005773165.1	K02401	map02040
GCA_005773165.1	K01439	map00300
GCA_005773165.1	K01439	map01230
GCA_005773165.1	K01796	map00120
GCA_005773165.1	K01796	map04146
GCA_005773165.1	K02454	map03070
GCA_005773165.1	K02454	map05111
GCA_005773165.1	K17947	map00523
GCA_005773165.1	K17947	map01250
GCA_005773165.1	K02502	map00340
GCA_005773165.1	K02502	map01230
GCA_005773165.1	K01785	map00052
GCA_005773165.1	K01785	map00010
GCA_005773165.1	K01709	map00541
GCA_005773165.1	K01709	map00520
GCA_005773165.1	K01709	map01250
GCA_005773165.1	K01735	map00400
GCA_005773165.1	K01735	map01230
GCA_005773165.1	K00931	map00332
GCA_005773165.1	K00931	map00330
GCA_005773165.1	K00931	map01230
GCA_005773165.1	K00548	map00450
GCA_005773165.1	K00548	map00670
GCA_005773165.1	K00548	map00270
GCA_005773165.1	K00548	map01230
GCA_005773165.1	K00721	map00510
GCA_005773165.1	K01784	map00052
GCA_005773165.1	K01784	map00541
GCA_005773165.1	K01784	map00520
GCA_005773165.1	K01784	map01250
GCA_005773165.1	K08678	map00520
GCA_005773165.1	K08678	map01250
GCA_005773165.1	K12454	map00541
GCA_005773165.1	K12454	map00520
GCA_005773165.1	K12454	map01250
GCA_005773165.1	K17947	map00523
GCA_005773165.1	K17947	map01250
GCA_005773165.1	K00254	map00240
GCA_005773165.1	K00254	map01240
GCA_005773165.1	K01858	map00521
GCA_005773165.1	K01858	map00562
GCA_005773165.1	K02394	map02040
GCA_005773165.1	K03657	map03430
GCA_005773165.1	K03657	map03420
GCA_005773165.1	K01736	map00400
GCA_005773165.1	K01736	map01230
GCA_005773165.1	K01735	map00400
GCA_005773165.1	K01735	map01230
GCA_005773165.1	K19746	map00470
GCA_005773165.1	K03412	map02030
GCA_005773165.1	K03412	map02020
GCA_005773165.1	K03526	map00900
GCA_005773165.1	K02461	map03070
GCA_005773165.1	K02461	map05111
GCA_005773165.1	K01589	map00230
GCA_005773165.1	K04487	map04122
GCA_005773165.1	K04487	map00730
GCA_005773165.1	K04487	map01240
GCA_005773165.1	K11895	map02025
GCA_005773165.1	K00971	map00541
GCA_005773165.1	K00971	map00051
GCA_005773165.1	K00971	map00520
GCA_005773165.1	K00971	map01250
GCA_005773165.1	K03070	map03060
GCA_005773165.1	K03070	map03070
GCA_005773165.1	K03070	map02024
GCA_005773165.1	K00337	map00190
GCA_005773165.1	K01750	map00330
GCA_005773165.1	K01750	map01230
GCA_005773165.1	K01497	map00740
GCA_005773165.1	K01497	map00790
GCA_005773165.1	K01497	map02024
GCA_005773165.1	K01497	map01240
GCA_005773165.1	K03629	map03440
GCA_005773165.1	K00820	map00250
GCA_005773165.1	K00820	map04931
GCA_005773165.1	K00820	map00520
GCA_005773165.1	K00820	map05415
GCA_005773165.1	K00820	map01250
GCA_005773165.1	K02040	map05152
GCA_005773165.1	K02040	map02020
GCA_005773165.1	K01868	map00970
GCA_005773165.1	K01126	map00564
GCA_005773165.1	K02371	map00061
GCA_005773165.1	K02371	map01212
GCA_005773165.1	K03621	map00561
GCA_005773165.1	K00102	map00620
GCA_005773165.1	K01710	map00521
GCA_005773165.1	K01710	map00525
GCA_005773165.1	K01710	map01055
GCA_005773165.1	K01710	map00523
GCA_005773165.1	K01710	map00541
GCA_005773165.1	K01710	map01250
GCA_005773165.1	K02259	map00860
GCA_005773165.1	K02259	map04714
GCA_005773165.1	K02259	map00190
GCA_005773165.1	K02259	map01240
GCA_005773165.1	K02259	map02020
GCA_005773165.1	K01465	map00240
GCA_005773165.1	K01465	map01240
GCA_005773165.1	K11752	map00740
GCA_005773165.1	K11752	map02024
GCA_005773165.1	K11752	map01240
GCA_005773165.1	K01524	map00230
GCA_005773165.1	K02410	map02030
GCA_005773165.1	K02410	map02040
GCA_005773165.1	K04487	map04122
GCA_005773165.1	K04487	map00730
GCA_005773165.1	K04487	map01240
GCA_005773165.1	K01599	map00860
GCA_005773165.1	K01599	map01240
GCA_005773165.1	K02340	map03430
GCA_005773165.1	K02340	map03030
GCA_005773165.1	K02340	map03440
GCA_005773165.1	K00673	map00330
GCA_005773165.1	K01053	map00930
GCA_005773165.1	K01053	map00053
GCA_005773165.1	K01053	map00030
GCA_005773165.1	K01053	map01220
GCA_005773165.1	K01053	map01200
GCA_005773165.1	K01053	map01240
GCA_005773165.1	K01000	map01502
GCA_005773165.1	K01000	map00550
GCA_005773165.1	K01687	map00290
GCA_005773165.1	K01687	map00770
GCA_005773165.1	K01687	map01210
GCA_005773165.1	K01687	map01230
GCA_005773165.1	K22186	map00040
GCA_005773165.1	K01754	map00290
GCA_005773165.1	K01754	map00260
GCA_005773165.1	K01754	map01230
GCA_005773165.1	K01754	map01200
GCA_005773165.1	K21053	map01232
GCA_005773165.1	K21053	map00230
GCA_005773165.1	K13590	map04112
GCA_005773165.1	K00874	map00030
GCA_005773165.1	K00874	map01200
GCA_005773165.1	K03149	map00730
GCA_005773165.1	K03149	map01240
GCA_005773165.1	K01867	map00970
GCA_005773165.1	K01207	map00531
GCA_005773165.1	K01207	map01501
GCA_005773165.1	K01207	map00520
GCA_005773165.1	K16171	map00643
GCA_005773165.1	K16171	map00350
GCA_005773165.1	K03517	map00760
GCA_005773165.1	K03517	map01240
GCA_005773165.1	K00097	map00750
GCA_005773165.1	K00097	map01240
GCA_005773165.1	K03639	map04122
GCA_005773165.1	K03639	map00790
GCA_005773165.1	K03639	map01240
GCA_005773165.1	K00766	map00400
GCA_005773165.1	K00766	map01230
GCA_005773165.1	K19802	map00470
GCA_005773165.1	K02460	map03070
GCA_005773165.1	K02460	map05111
GCA_005773165.1	K03654	map03018
GCA_005773165.1	K00114	map00625
GCA_005773165.1	K00114	map00010
GCA_005773165.1	K00114	map00620
GCA_005773165.1	K00626	map04975
GCA_005773165.1	K00626	map00071
GCA_005773165.1	K00626	map00900
GCA_005773165.1	K00626	map00280
GCA_005773165.1	K00626	map00380
GCA_005773165.1	K00626	map01212
GCA_005773165.1	K00626	map00310
GCA_005773165.1	K00626	map00630
GCA_005773165.1	K00626	map00362
GCA_005773165.1	K00626	map00650
GCA_005773165.1	K00626	map00720
GCA_005773165.1	K00626	map00620
GCA_005773165.1	K00626	map01200
GCA_005773165.1	K00626	map02020
GCA_005773165.1	K02291	map00906
GCA_005773165.1	K07102	map00520
GCA_005773165.1	K07102	map01250
GCA_005773165.1	K13924	map02030
GCA_005773165.1	K13924	map02020
GCA_005773165.1	K01754	map00290
GCA_005773165.1	K01754	map00260
GCA_005773165.1	K01754	map01230
GCA_005773165.1	K01754	map01200
GCA_005773165.1	K01775	map01502
GCA_005773165.1	K01775	map00470
GCA_005773165.1	K02341	map03430
GCA_005773165.1	K02341	map03030
GCA_005773165.1	K02341	map03440
GCA_005773165.1	K01738	map00920
GCA_005773165.1	K01738	map00270
GCA_005773165.1	K01738	map01230
GCA_005773165.1	K01738	map01200
GCA_005773165.1	K00845	map00521
GCA_005773165.1	K00845	map00524
GCA_005773165.1	K00845	map00052
GCA_005773165.1	K00845	map00010
GCA_005773165.1	K00845	map00500
GCA_005773165.1	K00845	map00520
GCA_005773165.1	K00845	map01250
GCA_005773165.1	K00845	map01200
GCA_005773165.1	K10536	map00330
GCA_005773165.1	K03074	map03060
GCA_005773165.1	K03074	map03070
GCA_005773165.1	K00645	map00333
GCA_005773165.1	K00645	map00061
GCA_005773165.1	K00645	map01212
GCA_005773165.1	K00134	map00710
GCA_005773165.1	K00134	map04066
GCA_005773165.1	K00134	map00010
GCA_005773165.1	K00134	map05130
GCA_005773165.1	K00134	map05415
GCA_005773165.1	K00134	map05132
GCA_005773165.1	K00134	map01230
GCA_005773165.1	K00134	map05010
GCA_005773165.1	K00134	map01200
GCA_005773165.1	K00446	map00643
GCA_005773165.1	K00446	map00622
GCA_005773165.1	K00446	map00361
GCA_005773165.1	K00446	map00362
GCA_005773165.1	K00446	map01220
GCA_005773165.1	K01255	map00480
GCA_005773165.1	K00558	map00270
GCA_005773165.1	K00558	map05206
GCA_005773165.1	K02416	map02030
GCA_005773165.1	K02416	map02040
GCA_005773165.1	K02377	map00541
GCA_005773165.1	K02377	map00051
GCA_005773165.1	K02377	map00520
GCA_005773165.1	K02377	map01250
GCA_005773165.1	K01962	map00061
GCA_005773165.1	K01962	map01212
GCA_005773165.1	K01962	map00640
GCA_005773165.1	K01962	map00720
GCA_005773165.1	K01962	map00620
GCA_005773165.1	K01962	map01200
GCA_005773165.1	K03589	map04112
GCA_005773165.1	K00297	map00670
GCA_005773165.1	K00297	map00720
GCA_005773165.1	K00297	map01200
GCA_005773165.1	K13051	map00460
GCA_005773165.1	K13051	map00250
GCA_005773165.1	K11753	map00740
GCA_005773165.1	K11753	map01240
GCA_005773165.1	K01816	map00630
GCA_005773165.1	K03179	map00130
GCA_005773165.1	K03179	map01240
GCA_005773165.1	K01778	map00300
GCA_005773165.1	K01778	map00470
GCA_005773165.1	K01778	map01230
GCA_005773165.1	K03100	map03060
GCA_005773165.1	K01921	map01502
GCA_005773165.1	K01921	map00550
GCA_005773165.1	K01921	map00470
GCA_005773165.1	K00145	map00220
GCA_005773165.1	K00145	map01210
GCA_005773165.1	K00145	map01230
GCA_005773165.1	K00852	map00030
GCA_005773165.1	K01749	map00860
GCA_005773165.1	K01749	map01240
GCA_005773165.1	K01738	map00920
GCA_005773165.1	K01738	map00270
GCA_005773165.1	K01738	map01230
GCA_005773165.1	K01738	map01200
GCA_005773165.1	K04761	map02026
GCA_005773165.1	K00847	map00500
GCA_005773165.1	K00847	map00051
GCA_005773165.1	K00847	map00520
GCA_005773165.1	K00847	map01250
GCA_005773165.1	K01714	map00261
GCA_005773165.1	K01714	map00300
GCA_005773165.1	K01714	map01230
GCA_005773165.1	K02275	map00190
GCA_005773165.1	K00604	map00670
GCA_005773165.1	K00604	map00970
GCA_005773165.1	K18661	map00280
GCA_005773165.1	K01048	map00564
GCA_005773165.1	K14652	map00740
GCA_005773165.1	K14652	map00790
GCA_005773165.1	K14652	map01240
GCA_005773165.1	K01679	map05211
GCA_005773165.1	K01679	map00020
GCA_005773165.1	K01679	map00720
GCA_005773165.1	K01679	map04934
GCA_005773165.1	K01679	map00620
GCA_005773165.1	K01679	map01200
GCA_005773165.1	K01679	map05200
GCA_005773165.1	K00384	map00450
GCA_005773165.1	K11907	map03070
GCA_005773165.1	K11907	map02025
GCA_005773165.1	K04761	map02026
GCA_005773165.1	K00472	map00330
GCA_005773165.1	K02557	map02030
GCA_005773165.1	K02557	map02040
GCA_005773165.1	K00075	map00550
GCA_005773165.1	K00075	map00520
GCA_005773165.1	K00075	map01250
GCA_005773165.1	K01061	map00364
GCA_005773165.1	K01061	map00361
GCA_005773165.1	K01061	map00623
GCA_005773165.1	K02397	map02040
GCA_005773165.1	K00930	map00220
GCA_005773165.1	K00930	map01210
GCA_005773165.1	K00930	map01230
GCA_005773165.1	K14274	map00040
GCA_005773165.1	K00560	map01523
GCA_005773165.1	K00560	map00670
GCA_005773165.1	K00560	map00240
GCA_005773165.1	K00560	map01232
GCA_005773165.1	K01951	map00983
GCA_005773165.1	K01951	map01232
GCA_005773165.1	K01951	map00230
GCA_005773165.1	K04518	map00400
GCA_005773165.1	K04518	map01230
GCA_005773165.1	K00941	map00730
GCA_005773165.1	K00941	map01240
GCA_005773165.1	K03601	map03430
GCA_005773165.1	K03566	map02026
GCA_005773165.1	K06966	map00240
GCA_005773165.1	K06966	map01232
GCA_005773165.1	K06966	map00230
GCA_005773165.1	K18164	map04714
GCA_005773165.1	K11913	map03070
GCA_005773165.1	K11913	map02025
GCA_005773165.1	K00020	map00280
GCA_005773165.1	K01665	map00790
GCA_005773165.1	K01665	map01240
GCA_005773165.1	K03342	map00790
GCA_005773165.1	K03342	map01240
GCA_005773165.1	K10805	map01040
GCA_005773165.1	K01972	map03410
GCA_005773165.1	K01972	map03430
GCA_005773165.1	K01972	map03420
GCA_005773165.1	K01972	map03030
GCA_005773165.1	K00873	map04930
GCA_005773165.1	K00873	map05230
GCA_005773165.1	K00873	map04922
GCA_005773165.1	K00873	map00010
GCA_005773165.1	K00873	map00620
GCA_005773165.1	K00873	map05203
GCA_005773165.1	K00873	map05165
GCA_005773165.1	K00873	map01230
GCA_005773165.1	K00873	map01200
GCA_005773165.1	K10979	map03450
GCA_005773165.1	K01772	map00860
GCA_005773165.1	K01772	map01240
GCA_005773165.1	K01644	map02020
GCA_005773165.1	K00500	map00360
GCA_005773165.1	K00500	map00400
GCA_005773165.1	K00500	map00790
GCA_005773165.1	K00500	map01230
GCA_005773165.1	K00074	map00360
GCA_005773165.1	K00074	map00362
GCA_005773165.1	K00074	map00650
GCA_005773165.1	K00074	map01200
GCA_005773165.1	K14274	map00040
GCA_005773165.1	K03426	map04146
GCA_005773165.1	K03426	map00760
GCA_005773165.1	K03524	map00780
GCA_005773165.1	K00606	map00770
GCA_005773165.1	K00606	map01240
GCA_005773165.1	K01924	map00550
GCA_005773165.1	K00883	map00052
GCA_005773165.1	K01874	map00450
GCA_005773165.1	K01874	map00970
GCA_005773165.1	K14274	map00040
GCA_005773165.1	K00263	map00290
GCA_005773165.1	K00263	map00280
GCA_005773165.1	K00014	map00999
GCA_005773165.1	K00014	map00400
GCA_005773165.1	K00014	map01230
GCA_005773165.1	K07684	map02020
GCA_005773165.1	K07693	map02020
GCA_005773165.1	K01649	map00290
GCA_005773165.1	K01649	map01210
GCA_005773165.1	K01649	map00620
GCA_005773165.1	K01649	map01230
GCA_005773165.1	K00767	map00760
GCA_005773165.1	K00767	map01240
GCA_005773165.1	K12251	map00330
GCA_005773165.1	K00020	map00280
GCA_005773165.1	K00228	map00860
GCA_005773165.1	K00228	map01240
GCA_005773165.1	K01011	map04122
GCA_005773165.1	K01011	map00920
GCA_005773165.1	K01011	map00270
GCA_005773165.1	K01815	map00040
GCA_005773165.1	K00052	map00290
GCA_005773165.1	K00052	map00660
GCA_005773165.1	K00052	map01210
GCA_005773165.1	K00052	map01230
GCA_005773165.1	K03531	map04112
GCA_005773165.1	K00282	map00630
GCA_005773165.1	K00282	map00260
GCA_005773165.1	K00282	map01200
GCA_005773165.1	K02314	map04112
GCA_005773165.1	K02314	map03030
GCA_005773165.1	K00575	map02030
GCA_005773165.1	K00575	map02020
GCA_005773165.1	K18981	map00053
GCA_005773165.1	K01809	map00541
GCA_005773165.1	K01809	map00051
GCA_005773165.1	K01809	map00520
GCA_005773165.1	K01809	map01250
GCA_005773165.1	K01809	map01240
GCA_005773165.1	K10563	map03410
GCA_005773165.1	K02452	map03070
GCA_005773165.1	K02452	map05111
GCA_005773165.1	K03703	map03420
GCA_005773165.1	K01092	map00521
GCA_005773165.1	K01092	map04070
GCA_005773165.1	K01092	map00562
GCA_005773165.1	K00058	map00260
GCA_005773165.1	K00058	map00270
GCA_005773165.1	K00058	map00680
GCA_005773165.1	K00058	map01230
GCA_005773165.1	K00058	map01200
GCA_005773165.1	K03100	map03060
GCA_005773165.1	K11900	map02025
GCA_005773165.1	K22185	map00040
GCA_005773165.1	K02302	map00860
GCA_005773165.1	K02302	map01240
GCA_005773165.1	K00981	map04070
GCA_005773165.1	K00981	map00564
GCA_005773165.1	K02108	map00195
GCA_005773165.1	K02108	map00190
GCA_005773165.1	K03118	map03060
GCA_005773165.1	K03118	map03070
GCA_005773165.1	K02303	map00860
GCA_005773165.1	K02303	map01240
GCA_005773165.1	K02303	map00860
GCA_005773165.1	K02303	map01240
GCA_005773165.1	K02554	map00621
GCA_005773165.1	K02554	map00622
GCA_005773165.1	K02554	map00360
GCA_005773165.1	K02554	map00362
GCA_005773165.1	K02554	map01220
GCA_005773165.1	K02392	map02040
GCA_005773165.1	K00286	map00330
GCA_005773165.1	K00286	map01230
GCA_005773165.1	K00648	map00061
GCA_005773165.1	K00648	map01212
GCA_005773165.1	K01903	map00660
GCA_005773165.1	K01903	map00020
GCA_005773165.1	K01903	map00640
GCA_005773165.1	K01903	map00720
GCA_005773165.1	K01903	map01200
GCA_005773165.1	K01142	map03410
GCA_005773165.1	K00147	map00332
GCA_005773165.1	K00147	map00330
GCA_005773165.1	K00147	map01230
GCA_005773165.1	K01692	map00930
GCA_005773165.1	K01692	map00907
GCA_005773165.1	K01692	map00410
GCA_005773165.1	K01692	map00071
GCA_005773165.1	K01692	map00280
GCA_005773165.1	K01692	map00360
GCA_005773165.1	K01692	map00380
GCA_005773165.1	K01692	map01212
GCA_005773165.1	K01692	map00627
GCA_005773165.1	K01692	map00640
GCA_005773165.1	K01692	map00310
GCA_005773165.1	K01692	map00362
GCA_005773165.1	K01692	map00650
GCA_005773165.1	K15866	map00360
GCA_005773165.1	K01586	map00300
GCA_005773165.1	K01586	map00470
GCA_005773165.1	K01586	map01230
GCA_005773165.1	K03525	map00770
GCA_005773165.1	K03525	map01240
GCA_005773165.1	K03566	map02026
GCA_005773165.1	K00858	map00760
GCA_005773165.1	K00858	map01240
GCA_005773165.1	K01092	map00521
GCA_005773165.1	K01092	map04070
GCA_005773165.1	K01092	map00562
GCA_005773165.1	K01609	map00400
GCA_005773165.1	K01609	map01230
GCA_005773165.1	K00457	map00130
GCA_005773165.1	K00457	map00360
GCA_005773165.1	K00457	map00350
GCA_005773165.1	K00457	map01240
GCA_005773165.1	K02405	map02040
GCA_005773165.1	K02405	map02026
GCA_005773165.1	K02405	map02025
GCA_005773165.1	K02405	map05111
GCA_005773165.1	K02405	map02020
GCA_005773165.1	K03575	map03410
GCA_005773165.1	K17226	map00920
GCA_005773165.1	K01933	map00230
GCA_005773165.1	K01142	map03410
GCA_005773165.1	K00978	map00541
GCA_005773165.1	K00978	map00500
GCA_005773165.1	K00978	map00520
GCA_005773165.1	K00978	map01250
GCA_005773165.1	K02314	map04112
GCA_005773165.1	K02314	map03030
GCA_005773165.1	K02421	map02040
GCA_005773165.1	K03787	map00760
GCA_005773165.1	K03787	map00240
GCA_005773165.1	K03787	map01232
GCA_005773165.1	K03787	map00230
GCA_005773165.1	K05810	map01232
GCA_005773165.1	K05810	map00270
GCA_005773165.1	K05810	map00230
GCA_005773165.1	K00111	map00564
GCA_005773165.1	K06167	map00440
GCA_005773165.1	K10857	map03430
GCA_005773165.1	K00992	map00520
GCA_005773165.1	K00992	map01250
GCA_005773165.1	K00065	map00040
GCA_005773165.1	K00390	map00920
GCA_005773165.1	K00765	map00340
GCA_005773165.1	K00765	map01230
GCA_005773165.1	K08083	map02020
GCA_005773165.1	K02391	map02040
GCA_005773165.1	K08323	map00040
GCA_005773165.1	K07782	map02026
GCA_005773165.1	K07782	map02024
GCA_005773165.1	K07782	map02020
GCA_005773165.1	K19731	map02024
GCA_005773165.1	K01803	map00710
GCA_005773165.1	K01803	map00562
GCA_005773165.1	K01803	map00010
GCA_005773165.1	K01803	map00051
GCA_005773165.1	K01803	map01230
GCA_005773165.1	K01803	map01200
GCA_005773165.1	K08083	map02020
GCA_005773165.1	K00568	map00130
GCA_005773165.1	K00568	map01240
GCA_005773165.1	K07260	map01502
GCA_005773165.1	K07260	map00550
GCA_005773165.1	K07260	map02020
GCA_005773165.1	K00059	map00333
GCA_005773165.1	K00059	map00780
GCA_005773165.1	K00059	map00061
GCA_005773165.1	K00059	map01212
GCA_005773165.1	K00059	map01240
GCA_005773165.1	K04566	map00970
GCA_005773165.1	K03584	map03440
GCA_005773165.1	K01814	map00340
GCA_005773165.1	K01814	map01230
GCA_005773165.1	K00215	map00261
GCA_005773165.1	K00215	map00300
GCA_005773165.1	K00215	map01230
GCA_005773165.1	K00928	map00261
GCA_005773165.1	K00928	map00300
GCA_005773165.1	K00928	map01210
GCA_005773165.1	K00928	map00260
GCA_005773165.1	K00928	map00270
GCA_005773165.1	K00928	map01230
GCA_005773165.1	K02411	map02040
GCA_005773165.1	K08738	map05416
GCA_005773165.1	K08738	map04215
GCA_005773165.1	K08738	map01524
GCA_005773165.1	K08738	map04214
GCA_005773165.1	K08738	map04115
GCA_005773165.1	K08738	map05134
GCA_005773165.1	K08738	map05210
GCA_005773165.1	K08738	map05222
GCA_005773165.1	K08738	map05145
GCA_005773165.1	K08738	map04210
GCA_005773165.1	K08738	map05160
GCA_005773165.1	K08738	map05017
GCA_005773165.1	K08738	map05162
GCA_005773165.1	K08738	map04932
GCA_005773165.1	K08738	map05164
GCA_005773165.1	K08738	map05152
GCA_005773165.1	K08738	map05161
GCA_005773165.1	K08738	map05168
GCA_005773165.1	K08738	map05130
GCA_005773165.1	K08738	map05417
GCA_005773165.1	K08738	map05170
GCA_005773165.1	K08738	map05167
GCA_005773165.1	K08738	map05169
GCA_005773165.1	K08738	map05163
GCA_005773165.1	K08738	map05131
GCA_005773165.1	K08738	map05012
GCA_005773165.1	K08738	map05020
GCA_005773165.1	K08738	map05132
GCA_005773165.1	K08738	map00190
GCA_005773165.1	K08738	map05016
GCA_005773165.1	K08738	map05014
GCA_005773165.1	K08738	map05010
GCA_005773165.1	K08738	map05022
GCA_005773165.1	K08738	map05200
GCA_005773165.1	K08738	map02020
GCA_005773165.1	K01872	map00970
GCA_005773165.1	K21929	map03410
GCA_005773165.1	K03106	map03060
GCA_005773165.1	K03106	map03070
GCA_005773165.1	K03106	map02024
GCA_005773165.1	K02463	map05111
GCA_005773165.1	K00023	map00630
GCA_005773165.1	K00023	map00650
GCA_005773165.1	K00023	map01200
GCA_005773165.1	K00806	map00550
GCA_005773165.1	K00806	map00900
GCA_005773165.1	K01952	map00230
GCA_005773165.1	K03474	map00750
GCA_005773165.1	K03474	map01240
GCA_005773165.1	K03767	map01503
GCA_005773165.1	K03767	map03250
GCA_005773165.1	K03767	map04217
GCA_005773165.1	K00655	map00561
GCA_005773165.1	K00655	map00564
GCA_005773165.1	K00799	map00982
GCA_005773165.1	K00799	map05204
GCA_005773165.1	K00799	map00983
GCA_005773165.1	K00799	map00980
GCA_005773165.1	K00799	map01524
GCA_005773165.1	K00799	map00480
GCA_005773165.1	K00799	map04212
GCA_005773165.1	K00799	map05418
GCA_005773165.1	K00799	map05225
GCA_005773165.1	K00799	map05207
GCA_005773165.1	K00799	map05208
GCA_005773165.1	K00799	map05200
GCA_005773165.1	K03685	map03008
GCA_005773165.1	K03685	map05205
GCA_005773165.1	K01057	map00030
GCA_005773165.1	K01057	map01200
GCA_005773165.1	K07712	map02020
GCA_005773165.1	K00640	map00543
GCA_005773165.1	K00640	map05111
GCA_005773165.1	K00640	map00920
GCA_005773165.1	K00640	map00270
GCA_005773165.1	K00640	map01230
GCA_005773165.1	K00640	map01200
GCA_005773165.1	K12410	map00760
GCA_005773165.1	K00065	map00040
GCA_005773165.1	K01703	map00290
GCA_005773165.1	K01703	map00966
GCA_005773165.1	K01703	map00660
GCA_005773165.1	K01703	map01210
GCA_005773165.1	K01703	map01230
GCA_005773165.1	K03723	map03420
GCA_005773165.1	K02342	map03430
GCA_005773165.1	K02342	map03030
GCA_005773165.1	K02342	map03440
GCA_005773165.1	K07657	map02020
GCA_005773165.1	K01358	map04112
GCA_005773165.1	K01358	map04212
GCA_005773165.1	K02389	map02040
GCA_005773165.1	K01834	map05230
GCA_005773165.1	K01834	map04922
GCA_005773165.1	K01834	map00010
GCA_005773165.1	K01834	map00260
GCA_005773165.1	K01834	map00680
GCA_005773165.1	K01834	map01230
GCA_005773165.1	K01834	map01200
GCA_005773165.1	K02897	map03010
GCA_005773165.1	K07119	map00590
GCA_005773165.1	K07636	map02020
GCA_005773165.1	K01061	map00364
GCA_005773165.1	K01061	map00361
GCA_005773165.1	K01061	map00623
GCA_005773165.1	K00788	map00730
GCA_005773165.1	K00788	map01240
GCA_005773165.1	K00799	map00982
GCA_005773165.1	K00799	map05204
GCA_005773165.1	K00799	map00983
GCA_005773165.1	K00799	map00980
GCA_005773165.1	K00799	map01524
GCA_005773165.1	K00799	map00480
GCA_005773165.1	K00799	map04212
GCA_005773165.1	K00799	map05418
GCA_005773165.1	K00799	map05225
GCA_005773165.1	K00799	map05207
GCA_005773165.1	K00799	map05208
GCA_005773165.1	K00799	map05200
GCA_005773165.1	K01591	map00240
GCA_005773165.1	K01591	map01240
GCA_005773165.1	K00239	map00020
GCA_005773165.1	K00239	map05134
GCA_005773165.1	K00239	map00650
GCA_005773165.1	K00239	map00720
GCA_005773165.1	K00239	map00190
GCA_005773165.1	K00239	map01200
GCA_005773165.1	K02500	map00340
GCA_005773165.1	K02500	map01230
GCA_005773165.1	K00826	map00290
GCA_005773165.1	K00826	map00966
GCA_005773165.1	K00826	map00770
GCA_005773165.1	K00826	map00280
GCA_005773165.1	K00826	map01210
GCA_005773165.1	K00826	map00270
GCA_005773165.1	K00826	map01230
GCA_005773165.1	K00826	map01240
GCA_005773165.1	K01673	map00910
GCA_005773165.1	K07043	map00240
GCA_005773165.1	K07043	map01232
GCA_005773165.1	K01918	map00770
GCA_005773165.1	K01918	map00410
GCA_005773165.1	K01918	map01240
GCA_005773165.1	K01662	map00730
GCA_005773165.1	K01662	map00900
GCA_005773165.1	K00939	map00730
GCA_005773165.1	K00939	map01232
GCA_005773165.1	K00939	map00230
GCA_005773165.1	K00939	map01240
GCA_005773165.1	K02393	map02040
GCA_005773165.1	K02523	map00900
GCA_005773165.1	K02419	map02040
GCA_005773165.1	K01091	map00630
GCA_005773165.1	K00799	map00982
GCA_005773165.1	K00799	map05204
GCA_005773165.1	K00799	map00983
GCA_005773165.1	K00799	map00980
GCA_005773165.1	K00799	map01524
GCA_005773165.1	K00799	map00480
GCA_005773165.1	K00799	map04212
GCA_005773165.1	K00799	map05418
GCA_005773165.1	K00799	map05225
GCA_005773165.1	K00799	map05207
GCA_005773165.1	K00799	map05208
GCA_005773165.1	K00799	map05200
GCA_005773165.1	K13038	map00770
GCA_005773165.1	K13038	map01240
GCA_005773165.1	K04066	map03440
GCA_005773165.1	K00797	map00480
GCA_005773165.1	K00797	map00330
GCA_005773165.1	K00797	map00270
GCA_005773165.1	K02338	map03430
GCA_005773165.1	K02338	map03030
GCA_005773165.1	K02338	map03440
GCA_005773165.1	K11178	map01232
GCA_005773165.1	K11178	map00230
GCA_005773165.1	K01784	map00052
GCA_005773165.1	K01784	map00541
GCA_005773165.1	K01784	map00520
GCA_005773165.1	K01784	map01250
GCA_005773165.1	K08678	map00520
GCA_005773165.1	K08678	map01250
GCA_005773165.1	K11907	map03070
GCA_005773165.1	K11907	map02025
GCA_005773165.1	K01491	map00670
GCA_005773165.1	K01491	map00720
GCA_005773165.1	K01491	map01200
GCA_005773165.1	K01491	map01240
GCA_005773165.1	K03106	map03060
GCA_005773165.1	K03106	map03070
GCA_005773165.1	K03106	map02024
GCA_005773165.1	K03801	map00785
GCA_005773165.1	K03801	map01240
GCA_005773165.1	K01091	map00630
GCA_005773165.1	K00648	map00061
GCA_005773165.1	K00648	map01212
GCA_005773165.1	K13588	map04112
GCA_005773165.1	K13588	map02020
GCA_005773165.1	K01631	map00052
GCA_005773165.1	K02556	map02030
GCA_005773165.1	K02556	map02040
GCA_005773165.1	K02556	map02020
GCA_005773165.1	K10026	map00790
GCA_005773165.1	K00799	map00982
GCA_005773165.1	K00799	map05204
GCA_005773165.1	K00799	map00983
GCA_005773165.1	K00799	map00980
GCA_005773165.1	K00799	map01524
GCA_005773165.1	K00799	map00480
GCA_005773165.1	K00799	map04212
GCA_005773165.1	K00799	map05418
GCA_005773165.1	K00799	map05225
GCA_005773165.1	K00799	map05207
GCA_005773165.1	K00799	map05208
GCA_005773165.1	K00799	map05200
GCA_005773165.1	K00611	map00220
GCA_005773165.1	K00611	map01230
GCA_005773165.1	K03644	map00785
GCA_005773165.1	K03644	map01240
GCA_005773165.1	K02109	map00195
GCA_005773165.1	K02109	map00190
GCA_005773165.1	K02459	map03070
GCA_005773165.1	K02459	map05111
GCA_005773165.1	K13821	map00250
GCA_005773165.1	K13821	map00330
GCA_005773165.1	K06920	map00790
GCA_005773165.1	K00962	map03018
GCA_005773165.1	K01247	map03410
GCA_005773165.1	K01919	map00480
GCA_005773165.1	K01919	map00270
GCA_005773165.1	K01919	map01240
GCA_005773165.1	K07141	map00790
GCA_005773165.1	K01817	map00400
GCA_005773165.1	K01817	map01230
GCA_005773165.1	K01800	map00643
GCA_005773165.1	K01800	map00350
GCA_005773165.1	K01801	map00350
GCA_005773165.1	K00945	map00240
GCA_005773165.1	K00945	map01232
GCA_005773165.1	K00799	map00982
GCA_005773165.1	K00799	map05204
GCA_005773165.1	K00799	map00983
GCA_005773165.1	K00799	map00980
GCA_005773165.1	K00799	map01524
GCA_005773165.1	K00799	map00480
GCA_005773165.1	K00799	map04212
GCA_005773165.1	K00799	map05418
GCA_005773165.1	K00799	map05225
GCA_005773165.1	K00799	map05207
GCA_005773165.1	K00799	map05208
GCA_005773165.1	K00799	map05200
GCA_005773165.1	K03821	map00650
GCA_005773165.1	K00566	map04122
GCA_005773165.1	K00795	map00900
GCA_005773165.1	K00873	map04930
GCA_005773165.1	K00873	map05230
GCA_005773165.1	K00873	map04922
GCA_005773165.1	K00873	map00010
GCA_005773165.1	K00873	map00620
GCA_005773165.1	K00873	map05203
GCA_005773165.1	K00873	map05165
GCA_005773165.1	K00873	map01230
GCA_005773165.1	K00873	map01200
GCA_005773165.1	K03809	map00130
GCA_005773165.1	K03809	map01240
GCA_005773165.1	K01560	map00361
GCA_005773165.1	K01560	map00625
GCA_005773165.1	K01057	map00030
GCA_005773165.1	K01057	map01200
GCA_005773165.1	K01070	map00680
GCA_005773165.1	K01070	map01200
GCA_005773165.1	K04564	map04212
GCA_005773165.1	K04564	map04213
GCA_005773165.1	K04564	map04211
GCA_005773165.1	K04564	map04146
GCA_005773165.1	K04564	map04013
GCA_005773165.1	K04564	map04068
GCA_005773165.1	K04564	map05417
GCA_005773165.1	K04564	map05208
GCA_005773165.1	K04564	map05016
GCA_005773165.1	K02434	map00970
GCA_005773165.1	K02501	map00340
GCA_005773165.1	K02501	map01230
GCA_005773165.1	K01625	map00030
GCA_005773165.1	K01625	map00630
GCA_005773165.1	K01625	map01200
GCA_005773165.1	K10804	map01040
GCA_005773165.1	K03550	map03440
GCA_005773165.1	K06187	map03440
GCA_005773165.1	K00015	map00630
GCA_005773165.1	K03431	map00520
GCA_005773165.1	K03431	map01250
GCA_005773165.1	K00859	map00770
GCA_005773165.1	K00859	map01240
GCA_005773165.1	K03470	map03030
GCA_005773165.1	K01869	map00970
GCA_005773165.1	K02343	map03430
GCA_005773165.1	K02343	map03030
GCA_005773165.1	K02343	map03440
GCA_005773165.1	K01991	map02026
GCA_005773165.1	K01991	map02020
GCA_005773165.1	K00820	map00250
GCA_005773165.1	K00820	map04931
GCA_005773165.1	K00820	map00520
GCA_005773165.1	K00820	map05415
GCA_005773165.1	K00820	map01250
GCA_005773165.1	K02419	map02040
GCA_005773165.1	K01693	map00340
GCA_005773165.1	K01693	map01230
GCA_005773165.1	K06287	map00240
GCA_005773165.1	K06287	map01232
GCA_005773165.1	K09019	map00240
GCA_005773165.1	K01784	map00052
GCA_005773165.1	K01784	map00541
GCA_005773165.1	K01784	map00520
GCA_005773165.1	K01784	map01250
GCA_005773165.1	K01790	map00521
GCA_005773165.1	K01790	map00523
GCA_005773165.1	K01790	map00541
GCA_005773165.1	K01790	map01250
GCA_005773165.1	K00411	map04260
GCA_005773165.1	K00411	map04932
GCA_005773165.1	K00411	map05415
GCA_005773165.1	K00411	map05208
GCA_005773165.1	K00411	map04714
GCA_005773165.1	K00411	map05012
GCA_005773165.1	K00411	map05020
GCA_005773165.1	K00411	map00190
GCA_005773165.1	K00411	map05016
GCA_005773165.1	K00411	map05014
GCA_005773165.1	K00411	map05010
GCA_005773165.1	K00411	map05022
GCA_005773165.1	K00411	map02020
GCA_005773165.1	K01658	map00405
GCA_005773165.1	K01658	map00400
GCA_005773165.1	K01658	map02025
GCA_005773165.1	K01658	map01230
GCA_005773165.1	K01658	map02024
GCA_005773165.1	K06966	map00240
GCA_005773165.1	K06966	map01232
GCA_005773165.1	K06966	map00230
GCA_005773165.1	K02415	map02040
GCA_005773165.1	K01507	map00190
GCA_005773165.1	K01805	map00040
GCA_005773165.1	K01805	map00051
GCA_005773165.1	K03110	map03060
GCA_005773165.1	K03110	map03070
GCA_005773165.1	K03110	map02024
GCA_005773165.1	K00857	map00983
GCA_005773165.1	K00857	map00240
GCA_005773165.1	K00857	map01232
GCA_005773165.1	K00762	map00240
GCA_005773165.1	K00762	map01240
GCA_005773165.1	K06985	map04112
GCA_005773165.1	K14652	map00740
GCA_005773165.1	K14652	map00790
GCA_005773165.1	K14652	map01240
GCA_005773165.1	K00275	map00750
GCA_005773165.1	K00275	map01240
GCA_005773165.1	K02939	map03010
GCA_005773165.1	K06287	map00240
GCA_005773165.1	K06287	map01232
GCA_005773165.1	K01885	map00970
GCA_005773165.1	K01885	map00860
GCA_005773165.1	K01885	map01240
GCA_005773165.1	K04771	map01503
GCA_005773165.1	K04771	map02020
GCA_005773165.1	K00946	map00730
GCA_005773165.1	K00946	map01240
GCA_005773165.1	K01626	map00400
GCA_005773165.1	K01626	map01230
GCA_005773165.1	K01626	map02024
GCA_005773165.1	K00798	map00860
GCA_005773165.1	K00798	map01240
GCA_005773165.1	K03555	map03430
GCA_005773165.1	K09823	map02024
GCA_005773165.1	K02113	map00195
GCA_005773165.1	K02113	map00190
GCA_005773165.1	K00208	map00333
GCA_005773165.1	K00208	map00780
GCA_005773165.1	K00208	map00061
GCA_005773165.1	K00208	map01212
GCA_005773165.1	K00208	map01240
GCA_005773165.1	K01494	map00240
GCA_005773165.1	K01494	map01232
GCA_005773165.1	K00995	map00564
GCA_005773165.1	K08744	map00564
GCA_005773165.1	K02342	map03430
GCA_005773165.1	K02342	map03030
GCA_005773165.1	K02342	map03440
GCA_005773165.1	K05770	map04979
GCA_005773165.1	K05770	map04214
GCA_005773165.1	K05770	map05166
GCA_005773165.1	K05770	map04080
GCA_005773165.1	K06134	map00130
GCA_005773165.1	K06134	map01240
GCA_005773165.1	K11890	map02025
GCA_005773165.1	K03076	map03060
GCA_005773165.1	K03076	map03070
GCA_005773165.1	K03076	map02024
GCA_005773165.1	K00812	map00401
GCA_005773165.1	K00812	map00960
GCA_005773165.1	K00812	map00220
GCA_005773165.1	K00812	map00950
GCA_005773165.1	K00812	map00250
GCA_005773165.1	K00812	map00360
GCA_005773165.1	K00812	map00400
GCA_005773165.1	K00812	map01210
GCA_005773165.1	K00812	map00350
GCA_005773165.1	K00812	map00330
GCA_005773165.1	K00812	map00270
GCA_005773165.1	K00812	map01230
GCA_005773165.1	K00343	map00190
GCA_005773165.1	K01934	map00670
GCA_005773165.1	K02556	map02030
GCA_005773165.1	K02556	map02040
GCA_005773165.1	K02556	map02020
GCA_005773165.1	K00928	map00261
GCA_005773165.1	K00928	map00300
GCA_005773165.1	K00928	map01210
GCA_005773165.1	K00928	map00260
GCA_005773165.1	K00928	map00270
GCA_005773165.1	K00928	map01230
GCA_005773165.1	K04565	map04213
GCA_005773165.1	K04565	map04146
GCA_005773165.1	K04565	map05208
GCA_005773165.1	K04565	map05012
GCA_005773165.1	K04565	map05020
GCA_005773165.1	K04565	map05016
GCA_005773165.1	K04565	map05014
GCA_005773165.1	K04565	map05022
GCA_005773165.1	K03101	map03060
GCA_005773165.1	K03743	map00760
GCA_005773165.1	K03638	map04122
GCA_005773165.1	K03638	map00790
GCA_005773165.1	K03638	map01240
GCA_005773165.1	K01698	map00860
GCA_005773165.1	K01698	map01240
GCA_005773165.1	K06985	map04112
GCA_005773165.1	K00769	map01232
GCA_005773165.1	K00769	map00230
GCA_005773165.1	K15746	map00906
GCA_005773165.1	K02864	map03010
GCA_005773165.1	K03594	map00860
GCA_005773165.1	K07636	map02020
GCA_005773165.1	K08311	map03018
GCA_005773165.1	K00526	map00240
GCA_005773165.1	K00526	map01232
GCA_005773165.1	K00526	map00230
GCA_005773165.1	K00566	map04122
GCA_005773165.1	K11175	map00670
GCA_005773165.1	K11175	map00230
GCA_005773165.1	K00609	map00250
GCA_005773165.1	K00609	map00240
GCA_005773165.1	K00609	map01240
GCA_005773165.1	K10943	map02040
GCA_005773165.1	K10943	map05111
GCA_005773165.1	K10943	map02020
GCA_005773165.1	K11901	map02025
GCA_005773165.1	K18661	map00280
GCA_005773165.1	K01515	map00740
GCA_005773165.1	K01515	map00230
GCA_005773165.1	K00609	map00250
GCA_005773165.1	K00609	map00240
GCA_005773165.1	K00609	map01240
GCA_005773165.1	K00954	map00770
GCA_005773165.1	K00954	map01240
GCA_005773165.1	K07407	map00603
GCA_005773165.1	K07407	map00600
GCA_005773165.1	K07407	map00052
GCA_005773165.1	K07407	map00561
GCA_005773165.1	K03637	map04122
GCA_005773165.1	K03637	map00790
GCA_005773165.1	K03637	map01240
GCA_005773165.1	K14652	map00740
GCA_005773165.1	K14652	map00790
GCA_005773165.1	K14652	map01240
GCA_005773165.1	K02109	map00195
GCA_005773165.1	K02109	map00190
GCA_005773165.1	K02454	map03070
GCA_005773165.1	K02454	map05111
GCA_005773165.1	K03666	map03018
GCA_005773165.1	K03666	map05111
GCA_005773165.1	K03666	map02024
GCA_005773165.1	K03071	map03060
GCA_005773165.1	K03071	map03070
GCA_005773165.1	K03071	map02024
GCA_005773165.1	K02386	map02040
GCA_005773165.1	K02456	map03070
GCA_005773165.1	K02456	map05111
GCA_005773165.1	K01711	map00541
GCA_005773165.1	K01711	map00051
GCA_005773165.1	K01711	map00520
GCA_005773165.1	K01711	map01250
GCA_005773165.1	K01869	map00970
GCA_005773165.1	K01159	map03440
GCA_005773165.1	K03695	map04213
GCA_005773165.1	K11903	map03070
GCA_005773165.1	K11903	map02025
GCA_005773165.1	K08968	map00270
GCA_005773165.1	K00600	map01523
GCA_005773165.1	K00600	map00460
GCA_005773165.1	K00600	map00670
GCA_005773165.1	K00600	map00630
GCA_005773165.1	K00600	map00260
GCA_005773165.1	K00600	map00680
GCA_005773165.1	K00600	map01230
GCA_005773165.1	K00600	map01200
GCA_005773165.1	K00600	map01240
GCA_005773165.1	K01937	map00240
GCA_005773165.1	K01937	map01232
GCA_005773165.1	K01937	map01240
GCA_005773165.1	K21929	map03410
GCA_005773165.1	K01587	map00230
GCA_005773165.1	K00788	map00730
GCA_005773165.1	K00788	map01240
GCA_005773165.1	K03628	map03018
GCA_005773165.1	K02395	map02040
GCA_005773165.1	K02462	map03070
GCA_005773165.1	K02462	map05111
GCA_005773165.1	K02806	map02060
GCA_005773165.1	K00128	map00981
GCA_005773165.1	K00128	map00625
GCA_005773165.1	K00128	map00770
GCA_005773165.1	K00128	map00410
GCA_005773165.1	K00128	map00340
GCA_005773165.1	K00128	map00071
GCA_005773165.1	K00128	map00053
GCA_005773165.1	K00128	map00280
GCA_005773165.1	K00128	map00380
GCA_005773165.1	K00128	map00561
GCA_005773165.1	K00128	map00310
GCA_005773165.1	K00128	map04936
GCA_005773165.1	K00128	map00010
GCA_005773165.1	K00128	map00330
GCA_005773165.1	K00128	map00620
GCA_005773165.1	K00128	map01240
GCA_005773165.1	K06204	map02026
GCA_005773165.1	K02556	map02030
GCA_005773165.1	K02556	map02040
GCA_005773165.1	K02556	map02020
GCA_005773165.1	K13592	map04112
GCA_005773165.1	K08973	map00860
GCA_005773165.1	K08973	map01240
GCA_005773165.1	K03635	map04122
GCA_005773165.1	K03635	map00790
GCA_005773165.1	K03635	map01240
GCA_005773165.1	K02338	map03430
GCA_005773165.1	K02338	map03030
GCA_005773165.1	K02338	map03440
GCA_005773165.1	K22186	map00040
GCA_005773165.1	K09458	map00780
GCA_005773165.1	K09458	map00061
GCA_005773165.1	K09458	map01212
GCA_005773165.1	K09458	map01240
GCA_005773165.1	K20035	map00920
GCA_005773165.1	K00287	map01523
GCA_005773165.1	K00287	map00670
GCA_005773165.1	K00287	map00790
GCA_005773165.1	K00287	map01240
GCA_005773165.1	K03551	map03440
GCA_005773165.1	K02400	map02040
GCA_005773165.1	K02457	map03070
GCA_005773165.1	K02457	map05111
GCA_005773165.1	K02372	map00780
GCA_005773165.1	K02372	map00061
GCA_005773165.1	K02372	map01212
GCA_005773165.1	K02372	map01240
GCA_005773165.1	K01895	map00640
GCA_005773165.1	K01895	map00630
GCA_005773165.1	K01895	map00010
GCA_005773165.1	K01895	map00720
GCA_005773165.1	K01895	map00620
GCA_005773165.1	K01895	map00680
GCA_005773165.1	K01895	map01200
GCA_005773165.1	K02990	map03010
GCA_005773165.1	K01489	map00983
GCA_005773165.1	K01489	map00240
GCA_005773165.1	K01489	map01232
GCA_005773165.1	K00035	map00052
GCA_005773165.1	K08678	map00520
GCA_005773165.1	K08678	map01250
GCA_005773165.1	K01889	map00970
GCA_005773165.1	K01808	map00710
GCA_005773165.1	K01808	map00030
GCA_005773165.1	K01808	map00051
GCA_005773165.1	K01808	map01230
GCA_005773165.1	K01808	map01200
GCA_005773165.1	K20976	map02025
GCA_005773165.1	K20976	map02020
GCA_005773165.1	K01875	map00970
GCA_005773165.1	K01783	map00710
GCA_005773165.1	K01783	map00030
GCA_005773165.1	K01783	map00040
GCA_005773165.1	K01783	map01230
GCA_005773165.1	K01783	map01200
GCA_005773165.1	K00167	map00280
GCA_005773165.1	K00167	map00640
GCA_005773165.1	K00615	map01051
GCA_005773165.1	K00615	map00710
GCA_005773165.1	K00615	map00030
GCA_005773165.1	K00615	map01230
GCA_005773165.1	K00615	map01200
GCA_005773165.1	K00831	map00750
GCA_005773165.1	K00831	map00260
GCA_005773165.1	K00831	map00270
GCA_005773165.1	K00831	map00680
GCA_005773165.1	K00831	map01230
GCA_005773165.1	K00831	map01200
GCA_005773165.1	K00831	map01240
GCA_005773165.1	K00252	map00071
GCA_005773165.1	K00252	map00380
GCA_005773165.1	K00252	map00310
GCA_005773165.1	K00252	map00362
GCA_005773165.1	K03786	map00400
GCA_005773165.1	K03786	map01230
GCA_005773165.1	K00507	map01040
GCA_005773165.1	K00507	map04212
GCA_005773165.1	K00507	map03320
GCA_005773165.1	K00507	map01212
GCA_005773165.1	K00507	map04152
GCA_005773165.1	K00507	map04936
GCA_005773165.1	K03408	map02030
GCA_005773165.1	K03408	map02020
GCA_005773165.1	K13581	map04112
GCA_005773165.1	K20035	map00920
GCA_005773165.1	K00035	map00052
GCA_005773165.1	K05606	map00280
GCA_005773165.1	K05606	map00640
GCA_005773165.1	K05606	map00630
GCA_005773165.1	K05606	map00720
GCA_005773165.1	K05606	map01200
GCA_005773165.1	K00259	map00430
GCA_005773165.1	K00259	map00250
GCA_005773165.1	K00794	map00740
GCA_005773165.1	K00794	map01240
GCA_005773165.1	K01783	map00710
GCA_005773165.1	K01783	map00030
GCA_005773165.1	K01783	map00040
GCA_005773165.1	K01783	map01230
GCA_005773165.1	K01783	map01200
GCA_005773165.1	K00997	map00770
GCA_005773165.1	K01945	map00230
GCA_005773165.1	K02388	map02040
GCA_005773165.1	K02793	map02060
GCA_005773165.1	K02793	map00051
GCA_005773165.1	K02793	map00520
GCA_005773165.1	K02959	map03010
GCA_005773165.1	K03147	map00730
GCA_005773165.1	K03147	map01240
GCA_005773165.1	K00255	map00071
GCA_005773165.1	K00255	map03320
GCA_005773165.1	K00255	map01212
GCA_005773165.1	K02422	map02040
GCA_005773165.1	K03183	map00130
GCA_005773165.1	K03183	map01240
GCA_005773165.1	K08323	map00040
GCA_005773165.1	K00789	map00999
GCA_005773165.1	K00789	map00270
GCA_005773165.1	K00789	map01230
GCA_005773165.1	K00789	map01240
GCA_005773165.1	K00891	map00400
GCA_005773165.1	K00891	map01230
GCA_005773165.1	K03406	map02030
GCA_005773165.1	K03406	map02020
GCA_005773165.1	K08738	map05416
GCA_005773165.1	K08738	map04215
GCA_005773165.1	K08738	map01524
GCA_005773165.1	K08738	map04214
GCA_005773165.1	K08738	map04115
GCA_005773165.1	K08738	map05134
GCA_005773165.1	K08738	map05210
GCA_005773165.1	K08738	map05222
GCA_005773165.1	K08738	map05145
GCA_005773165.1	K08738	map04210
GCA_005773165.1	K08738	map05160
GCA_005773165.1	K08738	map05017
GCA_005773165.1	K08738	map05162
GCA_005773165.1	K08738	map04932
GCA_005773165.1	K08738	map05164
GCA_005773165.1	K08738	map05152
GCA_005773165.1	K08738	map05161
GCA_005773165.1	K08738	map05168
GCA_005773165.1	K08738	map05130
GCA_005773165.1	K08738	map05417
GCA_005773165.1	K08738	map05170
GCA_005773165.1	K08738	map05167
GCA_005773165.1	K08738	map05169
GCA_005773165.1	K08738	map05163
GCA_005773165.1	K08738	map05131
GCA_005773165.1	K08738	map05012
GCA_005773165.1	K08738	map05020
GCA_005773165.1	K08738	map05132
GCA_005773165.1	K08738	map00190
GCA_005773165.1	K08738	map05016
GCA_005773165.1	K08738	map05014
GCA_005773165.1	K08738	map05010
GCA_005773165.1	K08738	map05022
GCA_005773165.1	K08738	map05200
GCA_005773165.1	K08738	map02020
GCA_005773165.1	K01887	map00970
GCA_005773165.1	K00384	map00450
GCA_005773165.1	K01633	map00790
GCA_005773165.1	K01633	map01240
GCA_005773165.1	K02935	map03010
GCA_005773165.1	K01940	map00220
GCA_005773165.1	K01940	map00250
GCA_005773165.1	K01940	map05418
GCA_005773165.1	K01940	map01230
GCA_005773165.1	K00525	map00240
GCA_005773165.1	K00525	map01232
GCA_005773165.1	K00525	map00230
GCA_005773165.1	K03723	map03420
GCA_005773165.1	K13589	map04112
GCA_005773165.1	K13589	map02020
GCA_005773165.1	K02274	map00190
GCA_005773165.1	K01633	map00790
GCA_005773165.1	K01633	map01240
GCA_005773165.1	K11443	map04112
GCA_005773165.1	K11443	map02020
GCA_005773165.1	K02437	map00630
GCA_005773165.1	K02437	map00260
GCA_005773165.1	K02437	map01200
GCA_005773165.1	K01495	map00790
GCA_005773165.1	K01495	map01240
GCA_005773165.1	K02433	map00970
GCA_005773165.1	K01255	map00480
GCA_005773165.1	K13583	map04112
GCA_005773165.1	K03413	map02030
GCA_005773165.1	K03413	map02020
GCA_005773165.1	K00975	map02026
GCA_005773165.1	K00975	map00500
GCA_005773165.1	K00975	map00520
GCA_005773165.1	K00975	map01250
GCA_005773165.1	K01733	map00750
GCA_005773165.1	K01733	map00260
GCA_005773165.1	K01733	map01230
GCA_005773165.1	K02458	map03070
GCA_005773165.1	K02458	map05111
GCA_005773165.1	K03117	map03060
GCA_005773165.1	K03117	map03070
GCA_005773165.1	K01496	map00340
GCA_005773165.1	K01496	map01230
GCA_005773165.1	K04066	map03440
GCA_005773165.1	K00525	map00240
GCA_005773165.1	K00525	map01232
GCA_005773165.1	K00525	map00230
GCA_005773165.1	K08738	map05416
GCA_005773165.1	K08738	map04215
GCA_005773165.1	K08738	map01524
GCA_005773165.1	K08738	map04214
GCA_005773165.1	K08738	map04115
GCA_005773165.1	K08738	map05134
GCA_005773165.1	K08738	map05210
GCA_005773165.1	K08738	map05222
GCA_005773165.1	K08738	map05145
GCA_005773165.1	K08738	map04210
GCA_005773165.1	K08738	map05160
GCA_005773165.1	K08738	map05017
GCA_005773165.1	K08738	map05162
GCA_005773165.1	K08738	map04932
GCA_005773165.1	K08738	map05164
GCA_005773165.1	K08738	map05152
GCA_005773165.1	K08738	map05161
GCA_005773165.1	K08738	map05168
GCA_005773165.1	K08738	map05130
GCA_005773165.1	K08738	map05417
GCA_005773165.1	K08738	map05170
GCA_005773165.1	K08738	map05167
GCA_005773165.1	K08738	map05169
GCA_005773165.1	K08738	map05163
GCA_005773165.1	K08738	map05131
GCA_005773165.1	K08738	map05012
GCA_005773165.1	K08738	map05020
GCA_005773165.1	K08738	map05132
GCA_005773165.1	K08738	map00190
GCA_005773165.1	K08738	map05016
GCA_005773165.1	K08738	map05014
GCA_005773165.1	K08738	map05010
GCA_005773165.1	K08738	map05022
GCA_005773165.1	K08738	map05200
GCA_005773165.1	K08738	map02020
GCA_005773165.1	K02408	map02040
GCA_005773165.1	K00412	map04260
GCA_005773165.1	K00412	map04932
GCA_005773165.1	K00412	map05415
GCA_005773165.1	K00412	map05208
GCA_005773165.1	K00412	map04714
GCA_005773165.1	K00412	map05012
GCA_005773165.1	K00412	map05020
GCA_005773165.1	K00412	map00190
GCA_005773165.1	K00412	map05016
GCA_005773165.1	K00412	map05014
GCA_005773165.1	K00412	map05010
GCA_005773165.1	K00412	map05022
GCA_005773165.1	K00412	map02020
GCA_005773165.1	K00643	map00260
GCA_005773165.1	K00643	map00860
GCA_005773165.1	K00643	map01240
GCA_005773165.1	K01006	map00710
GCA_005773165.1	K01006	map00010
GCA_005773165.1	K01006	map00720
GCA_005773165.1	K01006	map00620
GCA_005773165.1	K01006	map01200
GCA_005773165.1	K00789	map00999
GCA_005773165.1	K00789	map00270
GCA_005773165.1	K00789	map01230
GCA_005773165.1	K00789	map01240
GCA_005773165.1	K02945	map03010
GCA_005773165.1	K01919	map00480
GCA_005773165.1	K01919	map00270
GCA_005773165.1	K01919	map01240
GCA_005773165.1	K12506	map00900
GCA_005773165.1	K03183	map00130
GCA_005773165.1	K03183	map01240
GCA_005773165.1	K02879	map03010
GCA_005773165.1	K10255	map02020
GCA_005773165.1	K03060	map03020
GCA_005773165.1	K02863	map03010
GCA_005773165.1	K01754	map00290
GCA_005773165.1	K01754	map00260
GCA_005773165.1	K01754	map01230
GCA_005773165.1	K01754	map01200
GCA_005773165.1	K09457	map00790
GCA_005773165.1	K03075	map03060
GCA_005773165.1	K03075	map03070
GCA_005773165.1	K03075	map02024
GCA_005773165.1	K01692	map00930
GCA_005773165.1	K01692	map00907
GCA_005773165.1	K01692	map00410
GCA_005773165.1	K01692	map00071
GCA_005773165.1	K01692	map00280
GCA_005773165.1	K01692	map00360
GCA_005773165.1	K01692	map00380
GCA_005773165.1	K01692	map01212
GCA_005773165.1	K01692	map00627
GCA_005773165.1	K01692	map00640
GCA_005773165.1	K01692	map00310
GCA_005773165.1	K01692	map00362
GCA_005773165.1	K01692	map00650
GCA_005773165.1	K02387	map02040
GCA_005773165.1	K13581	map04112
GCA_005773165.1	K03210	map03060
GCA_005773165.1	K03210	map03070
GCA_005773165.1	K03210	map02024
GCA_005773165.1	K00052	map00290
GCA_005773165.1	K00052	map00660
GCA_005773165.1	K00052	map01210
GCA_005773165.1	K00052	map01230
GCA_005773165.1	K00602	map01523
GCA_005773165.1	K00602	map00670
GCA_005773165.1	K00602	map00230
GCA_005773165.1	K02297	map00190
GCA_005773165.1	K00133	map00261
GCA_005773165.1	K00133	map00300
GCA_005773165.1	K00133	map01210
GCA_005773165.1	K00133	map00260
GCA_005773165.1	K00133	map00270
GCA_005773165.1	K00133	map01230
GCA_005773165.1	K00948	map00030
GCA_005773165.1	K00948	map00230
GCA_005773165.1	K00948	map01230
GCA_005773165.1	K00948	map01200
GCA_005773165.1	K03531	map04112
GCA_005773165.1	K03671	map05418
GCA_005773165.1	K03671	map04621
GCA_005773165.1	K03671	map05012
GCA_005773165.1	K03671	map05132
GCA_005773165.1	K01495	map00790
GCA_005773165.1	K01495	map01240
GCA_005773165.1	K01696	map00400
GCA_005773165.1	K01696	map00260
GCA_005773165.1	K01696	map01230
GCA_005773165.1	K02986	map03010
GCA_005773165.1	K01755	map00220
GCA_005773165.1	K01755	map00250
GCA_005773165.1	K01755	map01230
GCA_005773165.1	K02108	map00195
GCA_005773165.1	K02108	map00190
GCA_005773165.1	K00942	map01232
GCA_005773165.1	K00942	map00230
GCA_005773165.1	K01933	map00230
GCA_005773165.1	K03695	map04213
GCA_005773165.1	K01523	map00340
GCA_005773165.1	K01523	map01230
GCA_005773165.1	K01920	map00480
GCA_005773165.1	K01920	map00270
GCA_005773165.1	K01920	map01240
GCA_005773165.1	K01847	map00280
GCA_005773165.1	K01847	map00640
GCA_005773165.1	K01847	map00630
GCA_005773165.1	K01847	map00720
GCA_005773165.1	K01847	map01200
GCA_005773165.1	K00826	map00290
GCA_005773165.1	K00826	map00966
GCA_005773165.1	K00826	map00770
GCA_005773165.1	K00826	map00280
GCA_005773165.1	K00826	map01210
GCA_005773165.1	K00826	map00270
GCA_005773165.1	K00826	map01230
GCA_005773165.1	K00826	map01240
GCA_005773165.1	K01870	map00970
GCA_005773165.1	K02398	map02040
GCA_005773165.1	K02398	map02026
GCA_005773165.1	K02398	map02025
GCA_005773165.1	K02398	map02020
GCA_005773165.1	K00940	map00983
GCA_005773165.1	K00940	map04016
GCA_005773165.1	K00940	map00240
GCA_005773165.1	K00940	map01232
GCA_005773165.1	K00940	map00230
GCA_005773165.1	K00940	map01240
GCA_005773165.1	K02902	map03010
GCA_005773165.1	K18324	map02020
GCA_005773165.1	K01638	map00630
GCA_005773165.1	K01638	map00620
GCA_005773165.1	K01638	map01200
GCA_005773165.1	K01724	map00790
GCA_005773165.1	K00611	map00220
GCA_005773165.1	K00611	map01230
GCA_005773165.1	K02417	map02030
GCA_005773165.1	K02417	map02040
GCA_005773165.1	K02435	map00970
GCA_005773165.1	K16692	map02020
GCA_005773165.1	K01972	map03410
GCA_005773165.1	K01972	map03430
GCA_005773165.1	K01972	map03420
GCA_005773165.1	K01972	map03030
GCA_005773165.1	K00793	map00740
GCA_005773165.1	K00793	map01240
GCA_005773165.1	K00568	map00130
GCA_005773165.1	K00568	map01240
GCA_005773165.1	K00626	map04975
GCA_005773165.1	K00626	map00071
GCA_005773165.1	K00626	map00900
GCA_005773165.1	K00626	map00280
GCA_005773165.1	K00626	map00380
GCA_005773165.1	K00626	map01212
GCA_005773165.1	K00626	map00310
GCA_005773165.1	K00626	map00630
GCA_005773165.1	K00626	map00362
GCA_005773165.1	K00626	map00650
GCA_005773165.1	K00626	map00720
GCA_005773165.1	K00626	map00620
GCA_005773165.1	K00626	map01200
GCA_005773165.1	K00626	map02020
GCA_005773165.1	K00632	map00642
GCA_005773165.1	K00632	map00907
GCA_005773165.1	K00632	map00592
GCA_005773165.1	K00632	map00071
GCA_005773165.1	K00632	map00280
GCA_005773165.1	K00632	map01212
GCA_005773165.1	K00632	map00362
GCA_005773165.1	K02615	map00360
GCA_005773165.1	K03544	map04112
GCA_005773165.1	K00259	map00430
GCA_005773165.1	K00259	map00250
GCA_005773165.1	K01939	map00250
GCA_005773165.1	K01939	map01232
GCA_005773165.1	K01939	map00230
GCA_005773165.1	K01939	map01240
GCA_005773165.1	K02420	map02040
GCA_005773165.1	K09882	map00860
GCA_005773165.1	K09882	map01240
GCA_005773165.1	K01719	map00860
GCA_005773165.1	K01719	map01240
GCA_005773165.1	K02968	map03010
GCA_005773165.1	K00795	map00900
GCA_005773165.1	K08300	map03018
GCA_005773165.1	K01029	map00280
GCA_005773165.1	K01029	map00650
GCA_005773165.1	K01681	map00020
GCA_005773165.1	K01681	map01210
GCA_005773165.1	K01681	map00630
GCA_005773165.1	K01681	map00720
GCA_005773165.1	K01681	map01230
GCA_005773165.1	K01681	map01200
GCA_005773165.1	K01710	map00521
GCA_005773165.1	K01710	map00525
GCA_005773165.1	K01710	map01055
GCA_005773165.1	K01710	map00523
GCA_005773165.1	K01710	map00541
GCA_005773165.1	K01710	map01250
GCA_005773165.1	K00626	map04975
GCA_005773165.1	K00626	map00071
GCA_005773165.1	K00626	map00900
GCA_005773165.1	K00626	map00280
GCA_005773165.1	K00626	map00380
GCA_005773165.1	K00626	map01212
GCA_005773165.1	K00626	map00310
GCA_005773165.1	K00626	map00630
GCA_005773165.1	K00626	map00362
GCA_005773165.1	K00626	map00650
GCA_005773165.1	K00626	map00720
GCA_005773165.1	K00626	map00620
GCA_005773165.1	K00626	map01200
GCA_005773165.1	K00626	map02020
GCA_005773165.1	K15012	map02020
GCA_005773165.1	K02418	map02040
GCA_005773165.1	K02899	map03010
GCA_005773165.1	K03596	map05134
GCA_005773165.1	K00033	map00480
GCA_005773165.1	K00033	map00030
GCA_005773165.1	K00033	map01200
GCA_005773165.1	K03116	map03060
GCA_005773165.1	K03116	map03070
GCA_005773165.1	K03701	map03420
GCA_005773165.1	K03636	map04122
GCA_005773165.1	K03602	map03430
GCA_005773165.1	K02952	map03010
GCA_005773165.1	K01847	map00280
GCA_005773165.1	K01847	map00640
GCA_005773165.1	K01847	map00630
GCA_005773165.1	K01847	map00720
GCA_005773165.1	K01847	map01200
GCA_005773165.1	K02110	map00195
GCA_005773165.1	K02110	map00190
GCA_005773165.1	K03657	map03430
GCA_005773165.1	K03657	map03420
GCA_005773165.1	K01966	map00280
GCA_005773165.1	K01966	map00640
GCA_005773165.1	K01966	map00630
GCA_005773165.1	K01966	map01200
GCA_005773165.1	K01690	map00030
GCA_005773165.1	K01690	map01200
GCA_005773165.1	K00114	map00625
GCA_005773165.1	K00114	map00010
GCA_005773165.1	K00114	map00620
GCA_005773165.1	K00208	map00333
GCA_005773165.1	K00208	map00780
GCA_005773165.1	K00208	map00061
GCA_005773165.1	K00208	map01212
GCA_005773165.1	K00208	map01240
GCA_005773165.1	K13483	map01232
GCA_005773165.1	K13483	map00230
GCA_005773165.1	K01963	map00061
GCA_005773165.1	K01963	map01212
GCA_005773165.1	K01963	map00640
GCA_005773165.1	K01963	map00720
GCA_005773165.1	K01963	map00620
GCA_005773165.1	K01963	map01200
GCA_005773165.1	K02884	map03010
GCA_005773165.1	K00459	map00910
GCA_005773165.1	K02160	map00061
GCA_005773165.1	K02160	map01212
GCA_005773165.1	K02160	map00640
GCA_005773165.1	K02160	map00720
GCA_005773165.1	K02160	map00620
GCA_005773165.1	K02160	map01200
GCA_005773165.1	K00133	map00261
GCA_005773165.1	K00133	map00300
GCA_005773165.1	K00133	map01210
GCA_005773165.1	K00133	map00260
GCA_005773165.1	K00133	map00270
GCA_005773165.1	K00133	map01230
GCA_005773165.1	K02916	map03010
GCA_005773165.1	K00330	map00190
GCA_005773165.1	K01251	map00270
GCA_005773165.1	K00325	map00760
GCA_005773165.1	K00102	map00620
GCA_005773165.1	K01662	map00730
GCA_005773165.1	K01662	map00900
GCA_005773165.1	K02911	map03010
GCA_005773165.1	K00240	map00020
GCA_005773165.1	K00240	map00650
GCA_005773165.1	K00240	map00720
GCA_005773165.1	K00240	map00190
GCA_005773165.1	K00240	map01200
GCA_005773165.1	K00674	map00300
GCA_005773165.1	K00674	map01230
GCA_005773165.1	K04765	map00770
GCA_005773165.1	K04765	map00760
GCA_005773165.1	K04765	map00240
GCA_005773165.1	K04765	map01232
GCA_005773165.1	K04765	map00230
GCA_005773165.1	K02651	map04112
GCA_005773165.1	K02111	map00195
GCA_005773165.1	K02111	map00190
GCA_005773165.1	K03701	map03420
GCA_005773165.1	K01676	map00020
GCA_005773165.1	K01676	map00720
GCA_005773165.1	K01676	map00620
GCA_005773165.1	K01676	map01200
GCA_005773165.1	K10773	map03410
GCA_005773165.1	K02871	map03010
GCA_005773165.1	K05592	map03018
GCA_005773165.1	K00485	map00982
GCA_005773165.1	K00485	map00430
GCA_005773165.1	K01251	map00270
GCA_005773165.1	K00383	map04918
GCA_005773165.1	K00383	map00480
GCA_005773165.1	K00383	map05415
GCA_005773165.1	K02914	map03010
GCA_005773165.1	K01876	map00970
GCA_005773165.1	K02909	map03010
GCA_005773165.1	K02919	map03010
GCA_005773165.1	K01689	map04066
GCA_005773165.1	K01689	map03018
GCA_005773165.1	K01689	map00010
GCA_005773165.1	K01689	map00680
GCA_005773165.1	K01689	map01230
GCA_005773165.1	K01689	map01200
GCA_005773165.1	K02884	map03010
GCA_005773165.1	K00338	map00190
GCA_005773165.1	K00658	map00020
GCA_005773165.1	K00658	map00380
GCA_005773165.1	K00658	map00310
GCA_005773165.1	K00658	map01200
GCA_005773165.1	K09457	map00790
GCA_005773165.1	K02867	map03010
GCA_005773165.1	K02909	map03010
GCA_005773165.1	K03544	map04112
