control,control2,site1,site2,site3,site4,site5
7918,2601,8854,6176,6759,1967,13664
7148,2717,10273,8197,8456,2421,7846
4488,5783,5329,5064,4156,2163,2555
4274,5003,6085,1645,4245,4112,7770
5661,4235,9395,9994,7960,4241,4870
3137,5937,9977,7912,9492,1466,1084
4121,3697,8291,9780,5259,2771,9868
6688,5210,7308,1724,8812,1104,3454
5569,2873,8012,5906,7158,1885,6767
6301,2249,7562,8227,6942,4291,3665
3574,5220,8886,8044,3494,3319,5182
3318,6302,8492,4331,5062,1031,8568
5562,6187,7365,3282,5632,3008,4374
7630,2122,9314,3906,7572,4425,7251
7109,5826,7038,3201,3571,2185,11028
3378,6978,10957,2729,6495,2508,2209
5643,2964,9653,7086,5888,3117,8947
4039,3714,7291,6178,8471,1883,7878
5580,6372,3508,8432,6973,4109,10822
3748,3876,6088,4770,5255,2664,10592
4754,6381,7705,1824,5070,4006,3488
7253,6282,11008,8162,8603,1350,5653
3637,2908,4052,6066,6449,1495,3143
3594,3006,3973,2548,7421,1623,1252
3142,5412,4601,2310,9476,4240,10228
4256,2425,7529,9454,4099,3191,2697
6229,6095,8344,7083,4379,1003,6771
7740,3482,5337,4002,7893,1994,7686
4934,2573,7561,1595,9823,1681,11528
4234,3055,10250,6063,7989,4397,3504
7901,5593,7949,9279,4828,1789,13681
5106,2802,7979,7775,3481,1292,12549
4163,6516,9904,3682,5928,2150,8394
3534,3077,5384,8265,6783,2002,2476
3916,4049,5312,9969,7743,2589,11631
5781,2358,3611,7051,3454,1782,10227
7272,3913,5650,3032,5273,4182,2776
5347,3386,2832,9213,9038,2771,12229
3362,3962,7110,6646,5304,1656,8449
4004,6195,6229,6083,4410,1710,13492
4873,2359,3881,9916,8199,3472,10875
3722,2757,8524,1943,7693,3275,11916
5669,6822,6073,8644,5689,4413,13758
7683,5360,7777,6662,8758,1069,1830
3974,5515,8662,6053,8365,3869,4113
3557,2232,4634,7845,7197,3903,8681
3397,5197,2490,2018,8535,3222,12010
6996,6705,2865,6154,5387,3584,8234
6946,4538,2968,6862,6469,3217,9954
3132,4309,7414,2090,5758,2092,10093
3943,5940,3464,4761,8840,1354,2255
7182,2589,7458,7552,4912,1319,5809
6043,6651,4722,5991,8098,1577,8072
3237,2679,9114,6202,8313,2822,2165
3495,3034,6786,7371,3541,3828,3964
4108,5422,7457,2576,7404,1708,2114
5711,5832,2281,7636,8259,1331,13516
6547,3536,7129,8047,9474,2274,13473
6627,3704,3660,4194,4660,3302,6899
5404,3361,4784,6853,4726,2114,2126
3128,2603,3599,7424,4956,4170,8405
5519,6312,8780,8844,4407,2855,1869
3185,3392,4234,5457,7731,4444,6629
4496,5661,3254,2591,7306,3259,11077
7295,4753,10369,4945,4038,3248,9523
6564,2382,10447,4811,9713,3634,3830
3003,4396,9855,3894,6575,3175,13303
3458,3647,9739,8438,6299,3298,13173
6203,5202,9476,3169,4949,2639,6975
3239,2718,9128,6878,9098,2720,4985
3315,3391,4046,5620,7202,1519,7948
4613,5579,5862,9942,9701,1642,11779
7891,5267,9353,9221,4117,3658,6932
5435,3527,7485,9896,7525,1759,12829
7293,5394,6461,6307,7801,4347,7133
5767,4072,2885,9893,5771,4133,13294
3244,2358,4174,4470,7959,4391,4866
4671,6853,9859,3356,9101,4307,11479
3507,5175,3247,7263,6640,1510,2404
4536,3774,9113,5410,4516,4377,13839
4425,6280,8783,4285,9746,3496,6248
4447,4084,8507,5480,5353,2439,1374
4053,5353,2578,4842,7773,1671,9266
4428,2636,3775,9166,7272,1102,11858
7865,6890,6223,8144,7486,2637,1125
7405,4586,10200,8755,5746,3718,8619
6169,5428,5102,6559,5713,2987,1218
5047,3030,6775,4439,7736,1750,6577
6285,4532,6525,5843,8345,4347,8616
4590,5600,7101,2913,9539,2152,3761
5572,4521,3961,7138,6560,1828,13703
5836,5340,2667,5330,6105,1181,11569
3353,5781,4708,7764,9090,3169,9293
6323,3494,8329,2328,8111,4239,10373
7915,2175,6292,3668,4840,1320,10360
7902,2122,5760,8840,7995,4416,2679
3562,4768,8688,8737,4830,3064,7813
4894,3636,9573,8559,8983,1281,9172
4902,5976,9013,6698,5906,1098,13982
3696,2700,4201,3660,8376,1381,5306
4802,4370,2909,8207,3836,2950,12929
5354,6182,8725,1695,9492,2542,10020
4593,2472,8483,1983,5674,2717,1400
4387,6716,4286,1684,9600,1987,10714
6538,3261,10859,2132,7169,4103,2417
5424,6097,6245,6266,3463,2970,8867
4849,5131,6558,7430,9761,2266,2294
5019,3234,3976,4340,8128,4015,9724
7746,2440,10504,3949,10000,1516,12629
7023,6064,9844,5852,7608,1583,1249
7462,2480,5462,3213,8540,2492,12183
6545,2494,2582,3036,5425,2689,1152
7233,5046,5408,6667,8795,3036,14024
3712,2411,7038,6693,5634,3495,7580
3203,2524,8216,1987,6451,3626,5049
6537,2513,5679,7153,5654,3615,7753
7936,2854,2657,2794,8527,2424,12937
4656,6449,4124,1783,4177,2798,8794
4927,2035,4142,8261,4675,1206,9657
7470,6116,3286,5949,6331,2140,5199
7184,5298,10835,4497,8127,1156,5539
3627,5307,9485,8203,5292,2200,1112
6312,4497,8792,2292,7702,1829,4461
4329,6525,10195,4877,7334,1568,14030
3270,3114,10595,5397,4184,1814,7825
5536,5024,5134,5057,5213,1838,2604
3546,5201,9950,8645,6337,4438,5471
4810,2790,9899,2525,6206,1895,13477
4352,3075,2756,2107,9109,4031,13914
7522,4198,7943,4446,7488,3491,8269
4393,2162,2698,7988,5900,2551,2855
4345,6971,4002,8026,7475,1154,12197
7436,6577,10927,9533,4351,4420,5919
3553,6980,5300,9453,7088,4415,8287
4160,4657,7267,9697,3845,1341,14145
3086,2873,2794,2646,5895,4332,12482
6255,5265,8668,9311,6328,2266,4343
6928,2196,2328,3541,6317,2629,11376
6666,4394,10799,4778,9642,1697,5822
3143,6405,3140,6790,4769,3630,2672
6558,2636,4289,4763,3513,4203,6545
7918,6457,10862,7733,3717,1568,4082
6369,2577,8257,8684,6571,1251,9852
6738,4345,6803,8726,3669,1525,8654
3326,3632,7103,1746,8555,1337,3013
7463,6842,4401,5249,4271,3010,10981
3665,5530,7722,8189,4771,4401,8999
5170,2841,3566,1904,8916,1737,3347
6989,6737,7710,3913,9910,3283,13608
4896,2837,2840,2088,9931,2230,9931
6888,2701,10743,9621,5715,2447,13771
6559,4677,5306,9845,5816,3961,14130
7461,5782,10540,7594,7301,1496,10960
3289,4987,7882,7090,4720,2889,13392
3040,6052,5447,6351,3537,3981,10855
6810,3337,3317,9300,8218,3949,13113
7429,4900,3283,1837,7642,1806,8608
5030,4124,3396,8603,6544,4085,5179
7064,6776,10786,5910,3850,3811,1209
3840,4273,6284,4128,8854,1519,7651
6582,3356,2476,4179,4799,1441,3997
4763,2563,3501,8883,7965,3168,5627
6827,3961,8707,9451,4334,3170,7865
7835,2603,2445,3825,8973,2556,8850
4835,4058,9545,2447,4381,1093,10452
7408,6777,9775,3261,4912,1312,3818
6881,3382,9474,1656,5980,2759,2308
3990,4130,3861,7924,4978,1045,11858
7596,5644,9219,2093,9110,3302,4144
3401,3954,9177,5344,8520,1423,11187
5316,4854,8021,3001,9281,3226,1703
3859,5438,7391,7608,6177,3547,13447
3587,3320,3080,6686,4128,1294,11026
7896,6499,5518,8422,7353,3002,12848
5821,4388,2772,6392,4336,3574,1265
4707,3300,9673,7115,6769,1105,3469
3639,6091,10154,6690,3808,1235,4732
7584,6283,9654,8278,3615,4419,7585
5942,6858,10797,7900,5499,3911,1916
6183,4496,5620,3761,8554,3459,6950
4158,3688,4956,3338,6780,1574,12336
6743,3373,3228,4107,3910,2184,6074
4903,5607,3106,2892,7132,1106,9169
4045,3667,9466,9643,8497,1811,7068
3631,6033,7371,9964,5816,3706,5594
3812,5361,2911,9345,5173,2197,13489
6473,4896,6015,5594,8768,3086,5287
6561,6062,10809,9222,6341,2328,9254
3395,4273,9588,6853,4456,2297,4429
5092,2494,2578,9756,7339,4242,6242
6983,6141,6156,7032,8947,3056,5807
3185,3147,6849,8876,8250,2074,6766
7958,4712,9395,3107,9135,3899,7947
3910,6251,2579,8279,5953,1509,3433
7748,2918,8016,5007,4252,2759,1469
3909,4159,8064,5512,9295,3539,9823
5546,4961,7740,2702,4186,2238,4074
6154,5498,9248,7188,4675,4248,9244
6630,3180,4982,4349,7498,2675,3253
3747,6163,10470,2387,3977,1232,11375
4481,6248,5487,3140,5921,1313,10390
5224,4543,9732,3068,4659,1729,3553
5216,5773,5827,2321,8034,1342,2882
3411,6607,6448,1641,4679,4441,8604
7116,2346,10144,8476,8265,1706,10629
7885,4106,4639,6486,7139,2674,14130
7392,5008,7839,9042,3914,3901,5846
5385,6539,9442,5661,5495,1470,4507
7529,2473,3464,6994,6353,3929,11997
3308,6967,9508,5876,7975,4394,4030
7148,3733,8431,6963,8194,1739,13969
6687,3385,9388,9540,4127,2183,2287
5261,3735,3888,3887,8128,2003,7978
7035,4601,6087,5971,5396,4440,10600
3719,6373,7925,1813,9518,1296,8553
3828,4548,2471,7301,4470,3556,8380
5573,4214,9302,4284,9162,2380,8110
7543,3471,9222,6545,4771,3513,1004
4213,4002,9789,8265,9432,3199,9645
4394,5863,6611,3192,9073,3229,6435
7036,5434,2570,1789,8068,2065,1679
6034,6875,2745,6440,3818,2451,7591
7954,6515,10077,8279,6514,2263,8205
6905,4248,6275,7904,4936,3232,5471
5248,4927,5557,8627,8381,1303,1275
3688,4865,8872,3552,5305,1299,2799
5476,5202,7153,7368,8183,2514,10159
3456,4456,4484,6064,8501,2907,1224
5806,6012,2333,7645,3683,2117,5663
7905,4553,6385,9778,5231,2823,1558
4364,6485,4081,9523,8434,1739,1157
7382,4446,3736,4027,9168,3753,10407
3210,6070,4494,6163,3622,1834,5092
7509,4343,6703,4234,9477,2527,5103
6646,4798,10963,5330,5069,1460,12986
6760,3266,4780,8351,5122,3705,2574
6583,6283,2832,1619,3483,3860,3739
6386,2877,10810,7964,7417,3367,12065
7693,6388,9006,2417,9610,3998,2986
4078,5523,4279,2692,5679,2065,10193
3389,5610,8881,2818,6547,3043,12117
4134,2445,9793,4917,8115,1832,10156
5860,6760,8249,8109,5201,3473,6989
6884,5091,5755,3232,7730,2853,10445
4724,5620,8054,3264,3735,2172,1376
5125,5221,5086,8301,6909,1321,11763
7607,5065,5870,2213,9421,2189,11261
7223,2752,7435,3056,3506,1313,13061
7426,6284,6300,7692,8579,3416,10056
7152,5060,3636,3094,8066,2189,12336
4853,5776,4966,5706,4034,2005,13040
7516,6480,6118,7592,4133,3201,5599
4993,4753,6072,7710,7138,2530,4034
5437,6868,10832,9977,8013,3524,1268
5458,3951,3557,8442,4431,2258,8231
3386,3118,9445,7499,9727,4040,3005
5405,2201,8919,9197,6799,4188,3039
7689,5355,9215,7414,4700,1414,6312
7415,2038,5770,2357,6943,2055,6221
7760,5780,3595,4872,4105,1458,2861
7881,2197,10876,8891,4447,2871,12832
3527,3128,4519,3222,4431,4342,13959
4408,6834,5862,8479,8692,2141,4716
4551,4350,10104,4052,6680,1302,5293
6089,5516,2742,9668,4394,2333,8000
3293,3620,3676,3795,7569,4442,6464
7371,5050,8120,9415,3893,1717,2577
5876,2309,7123,2710,4556,4371,7072
4424,6208,7110,7909,3765,3475,7149
7989,5134,4045,5932,8580,3219,12249
5964,6434,9560,3440,7850,1048,6567
3782,5952,10967,6324,4867,1995,3904
3519,3560,8613,5894,6765,3161,6730
7759,4307,4000,7663,6455,1043,11346
7974,5949,2890,7761,4589,3973,12969
5255,2049,5938,9452,9198,1636,1716
7173,3231,5039,9565,9108,3354,3443
4463,4850,9208,5719,6463,1981,3065
7120,4019,6349,5756,6733,1844,6672
5090,4290,5195,5728,5497,3580,5364
5948,3290,10458,8697,7621,3596,6149
5916,6776,6678,3085,7217,1782,1350
7690,4813,3556,4627,9710,2747,4058
4248,2172,7363,8855,5220,4262,11104
7413,3235,7715,9322,5152,3511,8096
5007,2591,6861,4273,4114,4074,13058
5889,4064,5099,3403,6659,3724,12284
6255,4883,6819,5703,4547,3254,5130
7007,5528,3831,8454,8405,2998,8409
7532,4874,3204,8271,5306,4334,12426
6032,4928,6030,4236,7962,3446,11149
3770,3535,10985,5296,4515,4236,6868
6647,6408,4936,4880,3957,3634,12719
6938,6007,10201,9514,4812,4195,4993
7901,3341,8487,5581,4778,4175,7643
3010,5905,11032,3352,5177,3974,5267
5998,4485,10025,8373,6578,1943,9092
6438,3195,2310,8976,5259,2375,6040
5926,2451,10159,1891,3951,2913,8510
6496,5675,6797,7062,8266,2386,11315
6324,5971,4646,4281,4003,1020,4760
7942,3257,9874,5406,3935,3280,9988
6240,4895,4233,8918,3789,2421,7256
4801,3745,8552,7900,3838,3793,7997
7398,6085,6707,5598,7924,2762,7830
6514,4966,5009,4324,8834,1460,7721
4634,2832,10649,3484,8646,3476,10064
3675,4641,3978,1589,3582,3578,2609
7869,4108,3977,6341,3747,2995,10058
6312,6684,9251,7908,4605,1769,11746
5350,6089,9142,1638,9098,1323,4834
3061,6043,7370,4028,6081,1309,1988
7902,4612,4036,6152,5433,3439,7212
6792,5573,2909,1757,9278,2608,5390
5913,4224,8160,1757,5938,4027,4913
4824,2909,4564,3308,5153,1899,10278
4687,2276,5086,2736,6874,2482,5623
5338,3659,2450,4810,5732,4275,7331
5750,4928,8660,2354,6415,3142,7932
6538,5119,4155,2074,8539,1301,11939
7626,5007,4498,6087,9972,2536,1624
3122,5491,10233,8781,4237,3450,11267
3769,6383,2276,4537,9383,1990,5190
4304,6216,6755,2237,8627,1667,8517
4470,2613,3957,9194,4886,1910,7636
5250,5958,2466,7147,7229,3817,12137
6847,3925,7520,9316,7136,4413,5713
7221,4784,5096,2224,8022,3156,7426
4887,5333,2659,4373,7740,2265,4434
6793,3938,6464,8361,9138,1442,13517
5118,3259,6600,4515,8672,4091,9231
4760,3787,3963,4305,3517,2556,1424
6919,5910,10685,4769,7600,4378,1808
7661,5637,10040,6521,8823,3189,8115
3882,5974,4369,6284,8329,4038,14050
7404,2734,5987,7685,3692,1103,4746
6574,4947,3912,4664,7109,2184,10545
7028,3509,9485,6262,5217,4175,7441
3257,2193,6731,4572,6394,4289,11986
3115,3261,10394,6771,6957,1800,7629
3193,2559,10820,3995,4515,1162,10447
6822,3433,6328,6466,6562,1652,1032
4481,4968,3085,2362,6044,1458,9405
3921,5526,7233,3057,9637,2629,8403
7099,2734,8384,1785,3582,2463,6326
3914,5896,10680,3274,9387,1698,13480
4061,5351,3014,6604,8029,4422,3062
3700,5068,8418,3855,8966,3419,3744
7302,5933,7456,5329,6426,3680,4090
7320,3911,4541,2576,6322,3834,2811
4543,5248,5402,5964,6016,2741,8604
5145,4258,7316,9814,6546,4094,4129
4555,3174,3533,2857,8758,4010,7335
6946,6475,4000,7668,8105,3836,9366
3378,6003,6318,5011,5828,2852,13006
5328,4130,7624,6827,5374,2913,2715
5761,5358,7339,7135,6332,2882,1135
5462,4139,8703,9924,7530,3471,13926
3896,4506,9015,1620,8943,3863,4687
5674,6969,4775,3558,7529,1618,11656
7480,6516,10328,8528,6831,4152,10721
6818,4613,6082,3006,4891,3173,12881
3087,4220,6581,9369,3762,3403,6912
3942,3430,6965,2105,6277,2565,7705
7703,3059,6828,9900,6014,1072,6681
5209,4278,9685,9467,6680,2951,6803
3861,5189,6955,5557,4721,2091,6400
4409,6486,3786,2770,5537,1338,12709
4609,4318,9471,4094,5447,1463,8310
4825,5279,4643,2781,7391,1398,3870
4375,3261,6103,3080,4080,3536,5742
4696,5649,2334,6996,7643,1961,10346
6158,3428,9427,8101,5102,3999,6460
5376,6889,5183,6406,5633,2486,12651
5693,2579,10668,7568,6838,2869,4314
3919,5304,5913,9129,7980,1525,7044
4816,3763,4648,4090,5867,1785,10482
3813,3551,3784,2580,6144,2606,9179
3770,2875,6573,2009,8814,3932,3867
3527,5675,4318,7112,5464,2278,3083
3690,4283,4418,4631,4656,4308,13048
5036,2168,8900,3944,8040,3809,12729
6498,4792,8542,7263,4290,4407,2449
3705,3401,10790,7433,8469,4426,9458
5249,3942,5561,2843,6309,1533,13712
3083,6920,9847,4113,6129,1587,10465
5262,3445,6736,8993,9190,3258,4305
6992,6250,8643,5703,8692,1458,8974
6736,2232,9529,9516,6126,2420,4090
3044,2785,4142,3195,8774,4275,11165
4722,4879,10110,7547,7002,2501,10476
7613,5158,7428,6967,8096,2327,12044
4644,2615,4624,4808,4112,1083,4223
6207,4336,4426,7113,4678,3154,3173
3752,5429,7896,1779,5799,3907,3306
3489,6676,4512,3533,9703,4271,13713
4477,6739,9525,8951,7731,1474,3455
6328,5267,10241,8934,3718,3424,5975
4044,5318,9881,4251,6569,1475,7297
5632,4451,5810,4935,7410,1073,2794
5361,2553,6623,7016,4019,2994,7680
3462,3719,6511,4418,3525,1277,3295
4830,5169,10532,3614,5982,1248,4472
7372,3754,7109,9898,5935,1865,12726
3230,5694,3612,9395,5584,2501,4878
7595,2978,8336,7694,7066,3114,7837
5659,4241,8341,1886,5995,3949,13531
7430,2972,2636,6540,7458,1783,10561
5333,2521,11007,7611,6951,2126,8546
3088,6886,9506,7606,9022,1934,7512
6908,2806,9294,1628,5660,1798,8680
6261,3330,7368,3694,7887,2886,10120
4745,6198,7954,9888,5976,3363,8417
3464,2473,5475,1784,5494,2342,6910
5128,5078,4594,3559,5616,3457,4288
5606,2121,8097,7612,5557,3259,8489
7497,3143,10095,3926,8120,2925,6297
4101,3613,4261,7743,5719,3042,2126
4801,4214,7029,3357,4334,3504,13097
6199,6031,9191,8775,6807,4054,5038
5308,4190,8205,9553,5852,1266,3294
3611,5755,6600,4286,5581,3328,11853
7916,5321,9034,1883,8143,1947,3197
5957,4152,5549,9892,8724,2572,13480
3709,3654,3494,9514,9284,3112,7807
7963,4790,6306,6818,6612,3643,7540
6985,6539,3185,2611,9414,3472,10396
6937,6363,9381,2443,4840,2264,2242
4537,5048,4508,5084,6988,1774,3405
4974,5567,9551,8174,4576,3097,10580
7129,5377,8297,5408,4322,2557,9566
7409,4167,8784,5539,4911,1929,9431
7595,6205,5043,6568,9416,1937,13653
3160,3105,9734,2478,8839,1847,12421
6423,3524,3716,4244,4956,2162,1331
4098,5451,5312,5533,5969,4055,9642
6288,6693,7696,2113,9724,1360,5667
3395,6237,6464,2101,5439,4158,6954
3771,5831,6098,5216,9076,4326,13355
6197,6903,9142,2224,4275,3762,4209
7464,3438,6675,6277,7430,1776,5303
5735,2187,7529,8770,9792,2376,11963
3266,2598,3124,2619,7475,1083,7575
3845,2122,7048,3890,4680,4192,4956
5246,3786,4011,4096,7036,3701,2753
6241,3784,10888,9125,3442,3407,9877
7444,6485,3051,5219,6187,4063,2907
6345,6812,5896,7294,4456,3443,2223
4797,3719,4911,4799,5945,3210,9015
3552,6003,9256,5709,6946,1821,7216
5208,2333,8061,6920,8054,3760,2001
5350,6270,5175,4162,8946,4026,8026
6596,4237,5999,4057,9956,3631,9589
7857,3343,5585,8781,9025,2114,2724
6078,5726,4162,2768,8512,2041,11403
6896,3224,2421,4799,9713,4409,13969
6068,4689,5091,3514,4843,1360,2417
6173,6744,6285,8971,9021,1085,6144
3127,5758,2730,9936,7717,3421,6160
5253,2312,8726,6742,3499,1477,7683
4482,6571,3759,9850,5416,2596,11991
7762,3778,3426,4430,3966,3309,11284
7867,5209,2577,9364,3898,1160,6253
5523,3684,3898,7996,9184,1455,5485
5962,5446,10802,8620,7315,2157,10027
6735,4716,2643,1786,3730,4404,11500
4401,5630,4979,3901,6712,3721,12744
6959,4268,6297,7615,8354,1564,6610
4263,2752,8596,3093,6899,1851,6499
6653,3988,7075,1883,8738,4290,3697
4824,2163,10407,7573,5988,3437,2466
7832,6446,6721,3435,9572,1816,5395
3459,6458,5735,6410,6218,3853,8182
3071,2416,7215,4280,8641,3844,1157
7396,3009,7356,7797,7895,4085,8213
4473,2126,5483,2710,6437,4427,13789
6890,6782,6814,7298,3634,3311,9985
5632,2374,10827,8545,4619,3732,12240
7609,4449,9666,1625,7724,3801,9058
4214,6721,6259,2224,8826,1037,9350
4466,3966,7170,6467,7444,4076,2078
4564,3366,9447,3043,7338,3030,2655
7696,4493,4294,2693,3661,4143,6794
4107,3563,8369,6242,7768,1475,12797
4959,3892,8877,7825,9629,3420,5038
5481,3082,5409,3081,5101,3784,1402
3100,3825,7402,5486,9248,1237,9766
3747,6207,7991,4364,6790,1264,11390
6758,6867,2855,7620,6881,4117,8674
7303,3256,2783,5406,9871,3735,13761
5640,3915,6059,2362,9590,3677,8971
3260,3285,8804,2881,9652,3907,10197
5297,4392,4513,8101,4781,3720,2302
4829,3927,4268,7667,4694,1270,13267
5198,3561,10159,3980,6793,2722,9142
6875,4941,3725,2644,5928,1731,12733
5237,6331,6620,5490,8469,2911,10626
6869,5560,5144,6324,7482,3046,9987
4364,6146,4750,9407,4351,1724,11044
3984,3301,2542,5764,7072,4295,2150
3207,4315,10016,4520,4153,3087,7508
4595,5309,9339,9650,8142,3629,7628
3752,3551,4912,4913,8014,2301,4237
5772,4101,6943,2885,7560,1906,6254
4040,6697,8188,3868,4939,2913,13031
4679,4811,10039,9719,4230,3851,10754
4135,4244,7323,6871,5054,3324,4396
6964,6038,4656,9046,7916,2856,6109
3234,6555,4493,8557,9100,1596,13176
7698,6950,3119,6237,7491,1041,3244
7860,5538,4519,5147,7124,4260,6432
5577,3523,3814,8183,4821,3340,4775
3722,4015,5779,4093,4097,3012,12972
5651,6916,9027,6675,5458,2454,12817
3295,4158,4464,3244,8732,2513,8545
5252,5029,5901,7166,4991,2068,12134
5880,3271,10303,6875,9919,3589,6398
5563,4095,2976,1745,8790,3357,7155
3460,4879,4336,9929,8719,1825,7330
3821,2896,8356,7247,4857,2984,1926
7673,5511,6656,4796,5627,1135,2554
3544,3351,3111,8949,6251,3074,13587
3633,3584,5101,9978,9587,2644,11378
4311,3510,9424,5404,6989,1896,11380
5056,2387,6037,6201,6103,2173,12965
6304,3573,8149,3543,7073,3533,5652
7578,6564,6332,7093,8291,1924,13372
7035,3106,2449,3454,8624,3950,13336
7096,4742,6455,9840,4166,3517,11530
4946,4326,2971,7331,8976,3780,13673
5953,6793,2925,6466,3490,1678,11520
5028,3233,7569,6872,4311,1757,11366
6567,2615,7243,8067,3867,4326,11634
7819,6898,10050,7566,5144,1769,5738
6574,4147,10873,4629,6472,2817,12458
5178,3586,7137,2898,7598,1064,7052
5870,2739,10643,7091,6021,2443,11666
5303,4580,9637,1637,9442,3856,7498
4107,6610,3478,9598,3590,3254,7346
5480,3350,9295,6240,8808,3581,10800
3990,3764,6221,7199,6357,4004,8280
7615,5758,8074,8386,6349,4012,3569
4078,3500,3403,9507,8125,1883,3638
4681,4462,3824,7251,3727,1947,7520
3510,6556,4556,2625,9154,4045,4615
5610,2343,3432,2012,8326,1301,1245
3716,6797,7777,2470,7885,4417,7024
5987,3025,10590,3143,5201,1791,1595
5713,6653,3774,6216,6445,2031,2965
7022,4333,9881,8798,5290,2873,10775
7642,5799,3051,2192,4220,1951,12411
5396,5287,8700,9489,7716,2917,13083
4619,5066,5219,6053,6867,2501,5879
7631,5559,10383,6761,5827,1308,11897
3753,2424,5270,2130,6378,1988,1371
3940,2178,3537,5812,5799,2835,3904
4020,2592,6632,6623,4964,4307,5971
7288,4092,7714,7658,7828,2013,6513
5632,6843,6710,2245,4427,1027,13402
3843,3071,2325,7851,8305,2262,6726
3837,3085,6314,7933,9939,3004,1916
7530,3618,5388,4220,5171,1854,8357
5950,3545,4518,6231,6414,2567,6255
5294,2701,4635,7479,7803,1674,10638
5283,5053,8583,6362,6069,1509,8226
4924,2049,2361,4406,3917,3518,12242
7857,3388,8656,8753,8211,2661,4840
3267,3909,9040,7470,8495,4228,8913
6199,6980,4666,2596,3643,3878,6327
4150,3543,3814,5138,7784,3453,1614
7755,3997,6025,9028,7862,3482,8062
7571,5098,4529,7919,7127,2728,3408
6829,6970,5226,6664,6611,1202,1282
3192,5895,5392,6710,6862,2087,3848
6281,3380,9822,2394,8649,3704,11961
5252,5709,5480,6131,9805,2744,7650
7918,3690,8633,7866,5642,1935,1951
4465,2361,9168,5071,7712,1360,13362
7242,4107,7529,3311,5306,3851,12886
5175,4632,2510,6089,5184,3077,13257
7388,4470,10303,9379,8830,1463,7285
4455,2850,4225,1710,3472,1426,8795
7069,3590,4937,4705,9523,1054,9484
3629,3937,10060,5349,4312,2972,11152
6939,4874,7917,5262,8619,3047,10254
4414,5383,2854,8603,4062,4298,9745
5050,4732,8731,5430,6445,1352,9995
3334,4627,8745,7521,6072,3003,6424
5757,3227,7485,7910,6013,3467,4559
6741,4006,9774,2547,4843,2894,7036
6902,6816,3335,3663,6171,3387,5524
4166,6037,5690,4225,5273,2835,10899
6050,4233,10058,5623,4568,4210,4217
3076,2717,7282,8797,6514,4178,13679
5372,2209,9018,4517,9596,1288,9251
6902,4787,6456,3950,7472,3093,8735
5942,6554,10613,9090,3904,1265,7025
5904,6882,5072,7309,8394,2699,3552
7829,3568,9882,2164,7825,2688,1719
3931,5389,8338,3076,4153,1773,2349
7792,2811,8630,6819,7339,2410,3093
4132,3241,6001,5998,8288,1389,5425
7431,5726,9658,7261,9884,2753,2923
4169,4872,8554,5743,3639,2835,7584
6216,4982,3270,7578,7124,1691,4850
6289,4133,10930,9646,7725,3906,11552
3665,4620,5808,8430,6144,2314,1317
4405,5692,8957,9265,4925,4238,13365
5686,3548,6939,3002,3850,1080,1003
7445,6370,4400,8034,9872,1481,3020
5199,4150,7336,7700,7945,3044,2973
7911,6361,7954,4326,4321,3891,3025
3253,2319,7929,4526,4719,1065,10060
3265,5067,9257,2667,5067,1812,4602
6690,4753,9296,5411,3472,3446,5140
6419,2295,4245,5168,7553,2460,13428
3210,4175,9720,9931,6623,2057,12556
3356,5108,5600,8075,5663,4164,12256
7782,2430,11038,2349,7254,1214,13080
6174,5968,2864,3218,6567,3655,3200
3130,3788,7945,6676,6106,3545,11453
6962,2145,9684,2883,5350,3523,2043
7067,6437,2511,6424,5374,1073,10069
3680,2723,9896,6478,5805,1991,1992
4500,6804,7507,3037,8733,2429,7015
3490,6929,6188,6717,8794,4314,13313
5412,6168,5057,6540,9011,4404,1006
4751,3721,3656,5178,7407,1409,7939
7810,5456,9341,6766,4012,2132,1243
3743,4952,6502,2354,5906,1491,11018
5306,2506,4191,5140,7436,4232,5518
3642,2533,6164,5113,6885,4031,8949
7133,4432,9153,8846,9779,1867,3276
6011,4407,7766,2131,8607,3463,11519
3371,6226,9539,5313,3881,1062,7181
3309,6666,9142,6549,8841,1036,9084
3781,4672,3347,3914,4739,2791,12323
3735,2664,8536,8346,9837,2238,6659
5713,3471,5704,7434,9934,1491,2776
5645,6624,8994,8681,4862,1558,11765
7106,6370,9572,8319,5660,1429,9019
3715,2528,4586,8989,4645,3866,5411
3206,4984,2923,9901,5307,1290,5019
4200,6077,4294,9484,6718,2545,11266
6702,6714,4838,6064,3928,3490,5284
7908,4229,6321,5217,4832,2561,13547
6720,5948,5543,3095,4306,3949,3432
7389,4713,4757,3576,7991,1489,5404
4445,3116,9812,4529,9587,1696,8863
5774,2128,2715,4648,6522,2049,6581
5303,6753,7500,3077,5630,4337,8518
6686,3926,7759,3956,4219,1264,9982
4187,6694,2992,2822,8660,2089,7219
5762,5865,4580,2315,7538,2995,1904
3230,6182,7017,2024,9371,3066,4975
7646,6252,4986,9372,9242,1507,7032
7818,2732,9140,2915,8902,3673,6459
7577,2461,6253,1609,6607,3181,8499
5194,2995,7557,6528,4607,1711,3354
4619,6911,3397,5041,5136,4381,2053
6207,5055,2872,3161,9484,2820,5206
7692,6770,10728,1790,6792,3596,13040
3085,4166,5124,5941,4125,3473,8173
7465,5521,3134,3258,8477,1097,13832
6874,5494,7487,8808,8222,2900,9922
7402,3349,3090,4729,3535,4329,4549
6819,3969,9549,6486,6740,2007,11430
5447,2136,2722,6870,5516,2403,2992
7606,3461,6262,6389,5153,1571,2139
3641,3272,4965,7943,4643,2822,4728
4143,2798,9569,7503,9736,2762,8527
3446,4364,5713,8444,9400,1192,7289
6243,3887,3208,8892,7641,4006,4435
3100,6895,7874,2907,7742,2552,2460
7384,6320,6629,3098,9375,4158,2820
6165,3002,5517,7286,7308,2319,11038
7233,2498,4790,6962,5704,1873,1920
4838,3577,2377,4980,8528,3629,12530
4012,6311,6365,4674,9860,1171,1362
5473,2005,5592,7953,8833,2027,2169
6183,4687,4784,4271,9551,2265,1202
7389,4136,7345,9783,7324,4097,13302
4366,5305,8154,9218,7108,3583,4870
7134,5061,4657,5326,6438,3490,13623
7513,5299,5168,4468,9218,2093,3508
5413,2775,8370,9713,9375,4105,6071
5906,3148,6634,8810,9360,3731,3118
4095,3977,6697,5774,9811,1130,1456
4217,3169,5767,9999,7204,2830,10234
4459,5048,7981,9313,3714,2861,1677
7527,6669,5877,2310,9976,3093,14103
4496,3861,2789,5505,9791,1972,5909
6995,6717,8793,4768,6065,2465,10414
4125,2955,3626,8490,4077,1508,3395
6732,2105,6536,4351,4436,1712,6223
6059,6406,10761,7576,9698,1573,9290
3396,5776,5620,2404,9727,1596,9566
7292,6491,9753,6942,6187,1314,1957
5328,3920,2934,4095,6487,1711,12997
6977,4277,2837,5481,9142,1762,2621
7025,4761,4343,9377,9713,1328,12799
7986,6508,2305,1942,3720,1103,13551
4094,3171,2751,7279,5876,1520,14062
4298,3024,2751,7417,6169,2156,2290
6129,5937,7015,4710,6370,1234,12770
4860,5140,4708,6514,6754,4118,4789
7647,5311,3908,9282,8810,3139,13345
3283,3073,2272,2917,7635,3037,1844
4341,3257,10750,5815,4532,2298,11655
4593,3444,4477,2799,4432,4425,6145
5517,4115,9428,8698,9094,1257,13575
4997,3567,6284,1882,6157,1193,5713
3823,6979,4949,5747,3561,3900,12143
7680,5298,3997,1686,5159,2305,6146
4608,2134,5942,5246,3549,4032,11385
5137,4714,4922,5310,7896,1406,13446
4681,5012,8388,7606,9587,3049,4306
6031,2575,4256,9704,8787,3034,8323
5390,5667,5814,1577,4623,2023,4300
3118,2531,8041,4532,8609,2755,7275
7718,6379,3421,8892,5200,1665,3068
6378,4762,4862,8029,8169,3881,1768
4963,3401,4789,2785,7474,1299,2315
4337,2299,7946,6772,5337,4412,13672
6949,6255,4118,7031,4199,2819,13882
6357,3940,8251,6978,9454,1706,13464
4940,4090,8270,8693,6193,3345,4706
5913,6368,6785,9622,9784,1794,8277
3245,3250,3921,7565,5567,3891,12422
4465,6323,8035,4927,6151,4268,4671
3062,6024,9881,4242,9656,1669,1002
4585,4593,9899,3374,6207,1480,8137
6215,5950,8863,3098,8490,2743,6530
3117,4058,5890,7140,7309,3307,10678
6425,4958,10295,7025,4098,1513,8779
3645,6062,4811,5873,7504,3397,13861
5673,3201,9048,7605,5206,1982,12005
4839,2614,8640,4340,5434,1097,6817
4097,2499,9915,2677,5148,4145,7703
3843,4195,4043,7974,4348,3083,11510
6608,6457,9389,2455,7675,2951,5395
5336,2104,9778,6835,5460,2335,5453
5100,6116,4278,8769,6635,4355,13736
5619,6058,7662,9722,9788,2554,6503
6116,2239,7686,3307,4700,1912,6113
5698,5074,9188,8313,9240,3721,5769
3860,2356,8430,7394,3456,2979,4918
4016,2255,3022,8959,3639,2975,9642
3123,6395,10224,4558,9742,2188,6881
6785,6460,7053,9026,6540,1780,8664
7366,5897,4256,2173,7890,1232,13326
7391,6160,6268,7650,9153,2145,13756
4940,2991,3198,3331,7463,3275,7586
6546,5339,3772,9082,5509,2196,7756
6762,2744,2427,5441,7071,1420,13190
7488,4468,6884,8905,8741,2302,11896
5092,4879,6384,6419,9341,4144,3078
5943,6587,8998,7633,5377,3625,1463
6452,4946,4696,9005,8314,2438,5321
5452,3355,8798,5111,3980,2473,12349
5744,3973,7447,4582,5849,1210,8212
7382,2270,6858,7893,7083,4289,2543
3372,2727,4969,4697,9860,4313,1438
5695,3988,7753,5405,9823,1495,11584
5514,4947,2525,6486,4433,3897,7225
4772,6623,9207,9328,5653,1634,6971
7466,3083,2651,5081,5672,2957,10457
7998,6016,5629,3554,5014,2256,4364
5153,2173,5420,5946,7310,2718,6814
6806,3082,2618,7342,7269,3536,13853
5957,6972,3698,6911,3607,1958,10867
7967,5388,10435,6797,7853,2244,9309
6697,2400,4557,4697,4000,4191,1324
6835,2936,4967,9611,9384,2496,12918
6331,2086,5126,3504,7031,2122,5883
6008,4495,10091,3475,7221,2870,11687
6955,5688,5984,4367,6915,1157,7216
4064,6799,4810,4836,8197,3916,4208
3267,2011,8050,5161,7251,2846,9555
4972,6350,6789,6570,7633,3867,2451
3443,2526,3279,9750,3536,2347,9391
5556,4492,7604,8966,8638,3404,4313
3073,3031,3413,7285,5847,1581,7456
7991,4878,11024,1751,5847,1876,9960
6748,6195,2779,9918,7665,3645,12307
7186,5232,6446,4653,6040,4436,6184
5745,4873,4934,2605,5127,1682,14042
5975,3679,7151,3934,9072,1616,9334
4133,4062,2545,9091,6275,3933,5802
4637,6367,10654,7574,4538,1500,5106
4523,6257,4225,5397,4344,1864,2449
6758,4661,10506,2548,7321,2471,11191
6671,4014,7070,6835,6239,2078,4919
3403,3561,2463,9835,5274,2909,13968
6348,5086,6974,9180,9689,1087,13869
4039,4030,4133,6436,7352,1479,13286
4155,6271,5485,4505,4123,3643,5051
4023,4790,4195,1737,6280,1918,2535
3537,6490,9335,7150,7258,3301,10249
7264,5701,10368,4558,4066,3645,11770
4903,4382,9059,9985,8507,1233,10188
4366,6114,9641,3307,8556,4149,1042
4719,2826,5272,9629,8557,1995,9150
3688,2132,7770,1811,7292,1172,10046
6433,4513,8100,5037,6848,1589,3639
5899,4358,10898,3463,5071,3178,12210
3626,4411,9248,1837,4126,1240,1340
3686,5838,9932,2413,6594,3157,10217
4465,6381,3535,6348,8667,2998,6751
3506,5763,9243,3518,5997,2763,12926
3667,3502,4952,2795,7328,2772,6833
5591,4751,7226,6724,4996,3066,6102
5558,3009,5753,3468,5746,1618,2127
6327,3412,7696,6455,5854,2998,11616
7252,5338,7742,7269,6523,1691,3288
5595,6417,2417,3915,6008,1877,1879
6177,3050,3854,2665,6245,1638,11110
5107,4956,2957,3648,9407,3642,9707
4716,2288,3453,2139,3808,1042,11789
3323,3834,10179,2909,9860,1694,7470
3371,3316,9774,1785,8925,4225,7104
5796,6264,4090,3614,9113,4371,6827
4997,2442,10888,3494,4801,1785,7616
7160,3275,5362,5975,3587,1888,1428
6467,3325,8071,6217,4456,3411,4810
6523,6759,5745,5340,6191,3230,10686
5447,4082,5058,2398,8577,2745,9172
6830,5018,6082,8399,8239,3602,1599
5905,5474,8966,3164,6461,4356,8147
6516,5373,8150,5999,7150,4015,7495
7209,5552,9663,7130,9532,2991,10326
3197,2626,7037,1787,8976,2175,13607
4664,2002,7953,8791,5760,2822,1146
4135,4532,10181,5359,9003,3734,2273
7141,6401,4973,5078,7300,4226,995
6101,4577,8095,4982,7902,2471,1194
6423,2351,4806,3597,6151,1698,3280
3471,6575,10834,6338,5203,2233,10101
3190,2884,2438,9455,9337,1888,11602
4089,2156,5034,6098,4977,2421,7075
4309,3883,10936,4451,7358,3606,6639
6517,4310,8610,6696,3600,4098,13877
3462,2804,2763,7305,9867,4320,12475
7808,5889,7254,6768,5421,3522,2007
4219,2443,9183,3960,5761,3429,3534
6630,3778,9054,2994,9675,3001,1591
5173,4793,8718,6133,5791,1266,10639
5689,3716,2898,5057,9954,1493,11273
5574,5348,9992,3198,4032,3302,11540
5382,5140,4934,6387,5976,3753,10754
6095,6634,7218,4915,7399,2445,7729
4879,2088,9837,6544,8586,2214,8967
6323,2034,5326,8763,5226,2705,10751
5138,6160,8716,2708,9104,2674,12887
5206,3545,6513,6226,3703,2877,9780
6789,4948,8183,3909,9511,3606,13588
6055,6304,8000,9931,8464,1407,3411
3032,5877,8282,4552,6513,3263,1298
6392,6922,5941,9793,9670,3240,2612
3335,6777,2607,8874,8899,3874,11349
7174,5987,9155,5046,4550,1651,2150
5809,3688,11012,4602,4447,1430,6556
4622,6447,9320,2248,6129,2660,2320
7941,4312,2879,3514,6584,1195,1920
3816,2298,2878,7632,4778,4132,6026
7510,4968,9001,8181,7650,3204,12161
4061,3963,2737,2123,6023,1477,2602
7892,2715,3404,4441,9369,1799,11382
3167,4907,3929,2583,4150,4250,6367
3715,2327,8624,3984,4249,1336,2454
3331,5114,5104,1679,7074,2854,2423
3772,5720,3844,2614,9485,2644,5335
3985,4001,3764,4719,5890,2986,12116
5484,5998,10178,6379,6204,1206,3482
5977,2466,3767,7821,9262,3602,2594
5192,6680,4385,4592,7945,2070,1285
7525,2345,8306,9346,9516,1759,11692
3461,6127,4081,9608,9521,2275,12129
6304,6740,9187,2400,9331,4210,3337
3881,2791,2872,3405,7440,1792,1490
6373,3676,6807,9304,3865,1559,6622
3191,4023,2393,3558,9139,1178,5953
3619,2319,6607,4730,6667,2441,13072
3025,6680,9397,3910,8906,4336,4101
4008,3338,10073,6248,4224,2480,12846
4047,3598,7688,3743,9456,3409,5080
3560,5970,9022,8790,8670,3695,10913
6018,4350,8347,2147,3482,2413,10300
6267,4263,4964,6835,8428,2042,10796
3321,2540,7952,4773,4440,1196,7424
3633,3093,5361,7518,8320,1018,12838
5378,4665,6151,4697,5076,2221,10005
5294,5151,5240,5026,7812,3546,3908
7986,5286,9328,5561,7310,4046,9496
5867,5319,2798,2549,6468,2510,9378
7975,6679,9589,8793,4406,3267,7096
5675,5730,10611,1576,5438,1021,5810
5340,6938,9677,3329,5262,3306,7528
4001,2246,4393,1875,9039,1080,8434
4909,3075,4779,2978,4527,2888,14130
7653,6625,9463,6327,8021,3348,8338
4495,4187,8929,3156,9510,1156,9666
5979,3149,2832,4463,4750,4177,7116
5480,3437,4232,2139,6499,1357,1382
7222,3870,4392,2019,7014,2749,13969
4446,5985,7464,2272,6817,1543,13047
4123,4587,2715,3437,8945,1600,12217
6768,3425,5507,4568,7357,2019,4757
4796,3366,7595,3050,7711,3306,12821
7884,3811,10925,9331,8768,3526,5496
3427,6645,2821,9313,8199,4172,2562
4611,5406,8242,4595,3965,1016,2096
7183,3435,7498,2993,4159,2330,1039
5457,5518,8935,7486,4048,2256,4845
3582,3570,9294,7158,6256,4426,11334
6114,3890,3038,7843,5868,3956,10284
4180,2947,7599,2211,8047,1601,8465
7399,3632,4826,4780,7804,1349,8409
4807,3826,3859,5827,8428,1752,10623
6060,6297,2878,9041,6028,2489,9029
3427,4477,4392,4313,6498,2053,8050
6547,2444,2483,1977,4595,1821,4023
4243,5754,8110,4811,7667,1385,2964
5863,3847,10670,9979,4989,2261,11399
5046,5733,8364,2372,7283,2176,13291
6970,4688,7076,9879,5999,2085,2085
4677,3737,7992,8454,6220,3501,6717
4348,3501,5787,7539,3839,2621,6740
3600,4475,9172,7324,9615,1988,4064
6854,3839,2980,6845,3648,2372,13200
4218,6311,2382,5669,7132,1107,9638
3089,4707,5722,6338,4928,1359,7731
6599,3152,10008,9972,8901,3066,8815
7388,3758,9352,6052,8500,2088,5551
4064,4176,6260,9501,4796,2921,3895
4851,2540,9709,6968,9847,2469,2640
5276,2281,2631,7170,6248,2373,14031
3342,3228,4413,3343,6976,3118,10716
3405,2459,9344,9835,6627,3333,8721
3723,3028,7927,5175,6232,4011,9322
6588,4145,10104,7465,9508,3869,3654
6847,6437,3382,9738,4784,3964,8086
6183,6102,6666,3814,5044,3273,3545
4314,6208,7576,5204,8878,1401,13289
5251,2082,4159,5117,6658,1941,8991
5586,6970,9409,9606,9427,2537,11546
4589,5456,5511,5059,8327,3905,6731
6490,2979,7770,8419,7407,2165,4739
4777,2021,6867,5850,3744,1059,8688
7727,5930,10094,9542,5154,2390,4272
7831,5523,9205,3774,9296,4110,4831
5162,4837,7948,4753,8231,4044,11126
6839,4063,9112,8873,5917,2867,8866
5138,4997,7943,7478,8746,2261,11900
5778,5322,7666,5502,4024,4119,3335
5678,4815,6602,8314,4243,1806,8136
6459,3957,5797,9158,3588,1367,5283
6144,6953,8889,6527,3458,3174,7691
4325,5321,3280,3582,9588,1296,7451
7211,6033,9891,5838,6435,1671,13371
4132,5927,10180,8719,3834,3035,1593
6298,6758,4652,2201,7256,3665,10402
5394,2726,8098,9582,9760,1763,1614
5789,2515,7005,5499,6484,1474,2561
3417,5258,2406,7528,4865,1748,12518
7972,5527,6055,6709,9004,3877,12567
7478,6545,6946,6473,6086,2088,9776
3789,5857,5327,3231,8800,3400,7456
4326,6143,2953,2416,6228,3663,1770
3942,3465,8184,3037,8467,1059,7182
7710,6568,5068,7816,9606,3085,4744
7887,4236,8629,8041,4362,2378,9916
5287,5163,8982,9282,8951,2269,1727
5530,4751,8362,8957,4994,2024,12065
4353,3697,3890,6256,7667,2750,6049
6655,6942,3828,6622,6253,2671,2546
7830,6290,8685,8696,5571,1310,7402
5056,4571,8909,4491,9704,2838,2312
4983,5773,3599,5448,4643,2727,11730
7262,2434,5905,5308,9932,2015,3528
6794,4450,7753,2000,4980,1858,12375
7883,3896,10627,6402,4651,1786,10864
6630,6053,5666,5403,4591,3828,11593
3193,3252,9075,3827,8477,3008,6114
5623,5780,2680,3781,9948,1031,11842
7073,5158,7645,3987,5474,3761,6135
5328,4385,10086,8079,5636,2509,8515
4731,3373,7655,6418,6036,1474,2681
4097,2545,8556,3096,5453,4318,7332
5946,3759,10784,1704,6043,2933,1382
3896,6549,9346,3922,3944,1029,4743
3548,4414,9544,5752,3529,3857,6321
4846,3673,2346,5210,4396,2074,12414
5710,3726,3256,1688,8821,1422,12042
5040,3798,3796,9908,4604,2891,4015
4980,5544,6684,2275,8424,2645,6489
3439,4148,7919,2913,4694,1194,7898
6328,6107,10681,2460,6132,2924,5606
3599,3843,3401,7614,9728,2739,12380
6079,2661,3174,3819,7067,4413,11104
